Site2_MeltingT,Site1_NdValence,Site2_GSestFCClatcnt,AtomicRadii_min_value,ElectricalConductivity_min_value,Site2_BCCenergy_pa,NdUnfilled_composition_average,Row_max_value,SecondIonizationEnergy_max_value,NdValence_difference,Site2_Column,Site2_NdUnfilled,Site2_GSenergy_pa,valence_composition_average,Site2_CovalentRadii,ThermalExpansionCoefficient_min_value,HeatFusion_composition_average,Site2_HeatFusion,NdUnfilled_max_value,n_ws^third_max_value,HeatFusion_min_value,IonicRadii_min_value,Site2_SpaceGroupNumber,Site2_NdValence,Material compositions 1,Material compositions 2,E_regression,E_regression_shift,group
1519.0,8.0,3.474656242,1.24,0.5,-8.87041076,3.5,4.0,18.168,3.0,7.0,5.0,-9.02056525,5.0,1.17,13.4,15.195,12.91,5.0,1.75,12.91,0.67,217.0,5.0,Ni,Mn,2.93738,-0.01542,transition_metal
317.3,4.0,4.486063093,1.28,1e-16,-4.6830362,3.0,6.0,19.725,4.0,15.0,0.0,-5.400509043,5.5,1.06,4.5,35.425,18.54,6.0,1.81,18.54,0.17,2.0,0.0,W,P,5.83812,-0.30898000000000003,refractory
1337.33,10.0,4.0575027310000005,1.375,10.0,-3.18445282,0.0,6.0,20.521,0.0,11.0,0.0,-3.20969261,3.5,1.34,11.8,14.645,12.55,0.0,1.67,12.55,0.64,225.0,10.0,Pd,Au,2.52855,-0.11745,noble-metal
1234.93,8.0,4.027313073999999,1.246,14.6,-2.71997917,1.0,5.0,21.49,2.0,11.0,0.0,-2.76539356,2.5,1.34,13.4,14.39,11.3,2.0,1.75,11.3,0.69,225.0,10.0,Ni,Ag,2.7639299999999998,-0.18887,transition_metal
1357.77,8.0,3.5378211239999997,1.246,14.6,-3.64288728,1.0,4.0,20.292,2.0,11.0,0.0,-3.68065482,2.5,1.17,13.4,15.54,13.6,2.0,1.75,13.6,0.69,225.0,10.0,Ni,Cu,2.88422,-0.06858,transition_metal
317.3,6.0,4.486063093,1.2409999999999999,1e-16,-4.6830362,2.0,4.0,19.725,6.0,15.0,0.0,-5.400509043,5.5,1.06,11.8,16.175,18.54,4.0,1.77,13.81,0.17,2.0,0.0,Fe,P,2.28176,-0.31504,transition_metal
2896.0,5.0,3.973998007,1.3619999999999999,17.3,-10.84610777,5.0,5.0,16.461,0.0,6.0,5.0,-10.84610777,6.0,1.3,4.8,37.48,37.48,5.0,1.77,37.48,0.59,229.0,5.0,Mo,Mo,5.0288,0.0,refractory
1768.0,5.0,3.447656463,1.253,17.3,-6.98008657,4.0,5.0,17.06,2.0,9.0,3.0,-7.080389145,4.5,1.16,4.8,26.84,16.2,5.0,1.77,16.2,0.59,194.0,7.0,Mo,Co,4.59618,-0.43262,refractory
692.68,10.0,3.822215211,1.278,16.9,-1.1570915000000002,0.0,4.0,20.292,0.0,12.0,0.0,-1.239999915,2.0,1.25,16.5,10.334000000000001,7.068,0.0,1.47,7.068,0.73,194.0,10.0,Cu,Zn,1.9986099999999998,-0.08159,transition_metal
1811.0,10.0,3.501224062,1.2409999999999999,11.2,-8.28548436,2.0,4.0,20.292,4.0,8.0,4.0,-8.28548436,4.0,1.17,11.8,13.705,13.81,4.0,1.77,13.6,0.55,229.0,6.0,Cu,Fe,2.47732,0.39712,transition_metal
1337.33,2.0,4.0575027310000005,1.442,2.3,-3.18445282,4.0,6.0,20.521,8.0,11.0,0.0,-3.20969261,3.5,1.34,5.7,16.775,12.55,8.0,1.57,12.55,0.84,225.0,10.0,Zr,Au,2.73199,0.13545,transition_metal
1211.4,6.0,4.514684539,1.2409999999999999,3e-06,-4.27836489,2.0,4.0,16.18,4.0,14.0,0.0,-4.616039545,5.0,1.22,5.7,25.375,36.94,4.0,1.77,13.81,0.53,225.0,10.0,Fe,Ge,2.42327,-0.17353,transition_metal
388.36,8.0,4.689784663999999,1.246,5e-16,-3.00278915,1.0,4.0,23.33,8.0,16.0,0.0,-4.0972167189999995,4.5,1.02,13.4,9.6005,1.7209999999999999,2.0,1.75,1.7209999999999999,0.29,70.0,0.0,Ni,S,2.15778,-0.79502,transition_metal
903.78,10.0,5.016478962,1.278,2.6,-3.88991513,0.0,5.0,20.292,0.0,15.0,0.0,-4.11736234,3.5,1.4,11.0,16.695,19.79,0.0,1.47,13.6,0.73,166.0,10.0,Cu,Sb,1.7882200000000001,-0.29198,transition_metal
1811.0,10.0,3.501224062,1.2409999999999999,10.0,-8.28548436,2.0,5.0,19.63,4.0,8.0,4.0,-8.28548436,5.0,1.17,11.8,15.275,13.81,4.0,1.77,13.81,0.55,229.0,6.0,Pd,Fe,2.81947,0.17347,noble-metal
2183.0,6.0,3.733467966,1.2409999999999999,4.0,-8.93926069,5.5,4.0,16.18,3.0,5.0,7.0,-8.93926069,5.5,1.22,8.4,17.655,21.5,7.0,1.77,13.81,0.54,229.0,3.0,Fe,V,2.5138599999999998,-0.08294,transition_metal
1811.0,9.0,3.501224062,1.2409999999999999,9.4,-8.28548436,2.5,6.0,18.563,3.0,8.0,4.0,-8.28548436,5.0,1.17,8.8,17.9925,13.81,4.0,1.78,13.81,0.55,229.0,6.0,Pt,Fe,2.79402,0.11762,noble-metal
2237.0,8.0,3.79278409,1.246,14.6,-6.90998391,2.0,5.0,18.168,0.0,9.0,2.0,-7.25364552,4.5,1.25,8.2,22.035,26.59,2.0,1.76,17.48,0.67,225.0,8.0,Ni,Rh,3.1518,0.19899999999999998,transition_metal
2180.0,6.0,3.550558664,1.2409999999999999,7.9,-9.50480758,4.5,4.0,16.5,1.0,6.0,5.0,-9.50571654,6.0,1.18,4.9,17.405,21.0,5.0,1.77,13.81,0.55,229.0,5.0,Fe,Cr,2.50346,-0.09333999999999999,transition_metal
1941.0,10.0,4.056692689,1.278,2.6,-7.66126811,4.0,4.0,20.292,8.0,4.0,8.0,-7.77522712,3.0,1.32,8.6,13.875,14.15,8.0,1.52,13.6,0.61,194.0,2.0,Cu,Ti,2.03098,-0.04922,transition_metal
2506.0,6.0,4.4613982089999995,1.2409999999999999,3.4,-9.77464936,6.0,6.0,16.18,4.0,4.0,8.0,-9.954299335,5.0,1.44,5.9,20.505,27.2,8.0,1.77,13.81,0.55,194.0,2.0,Fe,Hf,2.32154,-0.27526,transition_metal
1811.0,10.0,3.501224062,1.2409999999999999,11.2,-8.28548436,2.0,5.0,21.49,4.0,8.0,4.0,-8.28548436,4.0,1.17,11.8,12.555,13.81,4.0,1.77,11.3,0.55,229.0,6.0,Ag,Fe,2.1421723409999998,0.317672341,noble-metal
903.78,8.0,5.016478962,1.246,2.6,-3.88991513,1.0,5.0,18.168,2.0,15.0,0.0,-4.11736234,4.0,1.4,11.0,18.635,19.79,2.0,1.75,17.48,0.69,166.0,10.0,Ni,Sb,2.6756900000000003,-0.27710999999999997,transition_metal
2896.0,9.0,3.973998007,1.3619999999999999,9.4,-10.84610777,3.0,6.0,18.563,4.0,6.0,5.0,-10.84610777,5.0,1.3,4.8,29.8275,37.48,5.0,1.78,22.175,0.59,229.0,5.0,Pt,Mo,3.96811,1.2917100000000001,noble-metal
1941.0,6.0,4.056692689,1.2409999999999999,2.6,-7.66126811,6.0,4.0,16.18,4.0,4.0,8.0,-7.77522712,5.0,1.32,8.6,13.98,14.15,8.0,1.77,13.81,0.55,194.0,2.0,Fe,Ti,2.45719,-0.13960999999999998,transition_metal
3306.0,5.0,3.834043137,1.34,12.3,-10.33236566,4.5,6.0,16.461,1.0,8.0,4.0,-11.22070399,7.0,1.26,4.8,47.665,57.85,5.0,1.85,37.48,0.59,194.0,6.0,Mo,Os,4.75024,-0.27856,refractory
2237.0,10.0,3.79278409,1.345,10.0,-6.90998391,1.0,5.0,19.63,2.0,9.0,2.0,-7.25364552,5.0,1.25,8.2,21.665,26.59,2.0,1.76,16.74,0.64,225.0,8.0,Pd,Rh,2.9119200000000003,0.26592,noble-metal
594.22,4.0,4.272293466,1.37,14.7,-0.74033904,3.0,6.0,16.908,6.0,12.0,0.0,-0.812174225,4.0,1.41,4.5,29.26,6.21,6.0,1.81,6.21,0.6,194.0,10.0,W,Cd,5.8218,-0.3253,refractory
2430.0,8.0,3.851649375,1.246,0.001,-10.09176138,3.5,5.0,18.168,3.0,7.0,5.0,-10.355151199999998,5.0,1.27,8.0,25.385,33.29,5.0,1.81,17.48,0.56,194.0,5.0,Ni,Tc,3.1402799999999997,0.18748,transition_metal
1828.05,7.0,3.8628513030000002,1.357,10.0,-5.0910129,1.5,6.0,19.63,3.0,10.0,0.0,-5.13777457,3.5,1.28,6.4,28.93,16.74,3.0,1.83,16.74,0.63,225.0,10.0,Ir,Pd,4.4704,-0.0767,noble-metal
1814.0,10.0,4.463741557,1.278,1.5,-6.17209116,4.5,4.0,20.292,9.0,3.0,9.0,-6.28551309,2.5,1.44,10.0,13.85,14.1,9.0,1.47,13.6,0.73,194.0,1.0,Cu,Sc,1.89753,-0.18267,transition_metal
2128.0,10.0,4.527079516000001,1.375,2.3,-8.46727487,4.0,5.0,19.63,8.0,4.0,8.0,-8.545958555,4.0,1.45,5.7,18.87,21.0,8.0,1.67,16.74,0.64,194.0,2.0,Pd,Zr,2.7542400000000002,0.10824,noble-metal
3459.0,6.0,3.884620563,1.2409999999999999,5.8,-12.10177805,4.5,6.0,16.18,1.0,7.0,5.0,-12.41702777,6.5,1.28,6.2,23.945,34.08,5.0,1.85,13.81,0.53,194.0,5.0,Fe,Re,2.66457,0.06777000000000001,transition_metal
577.0,5.0,4.756905929,1.3619999999999999,5.6,-2.25289773,2.5,6.0,20.428,5.0,13.0,0.0,-2.27267753,4.5,1.48,4.8,20.811,4.1419999999999995,5.0,1.77,4.1419999999999995,0.59,194.0,10.0,Mo,Tl,4.71577,-0.31303000000000003,refractory
577.0,10.0,4.756905929,1.278,5.6,-2.25289773,0.0,6.0,20.428,0.0,13.0,0.0,-2.27267753,2.5,1.48,16.5,8.871,4.1419999999999995,0.0,1.47,4.1419999999999995,0.73,194.0,10.0,Cu,Tl,1.76587,-0.31433,transition_metal
3290.0,9.0,4.169391995,1.38,8.1,-11.85139954,4.0,6.0,18.563,6.0,5.0,7.0,-11.85139954,4.5,1.34,6.3,29.3725,36.57,7.0,1.78,22.175,0.63,229.0,3.0,Pt,Ta,3.74965,1.07325,noble-metal
2607.0,10.0,3.780696194,1.278,14.9,-8.57093238,1.5,5.0,20.292,3.0,8.0,3.0,-9.19463357,5.0,1.25,6.4,26.095,38.59,3.0,1.83,13.6,0.62,194.0,7.0,Cu,Ru,2.508,0.4278,transition_metal
505.08,2.0,5.106259136,1.6,2.3,-3.89492544,4.0,5.0,14.632,8.0,14.0,0.0,-3.96104709,4.0,1.41,5.7,14.075,7.15,8.0,1.41,7.15,0.71,141.0,10.0,Zr,Sn,2.84457,0.24804,transition_metal
933.47,4.0,4.039606536,1.37,18.2,-3.65018713,3.0,6.0,18.828,4.0,13.0,0.0,-3.74542312,4.5,1.18,4.5,31.51,10.71,6.0,1.81,10.71,0.54,225.0,0.0,W,Al,6.167999999999999,0.0209,refractory
1811.0,4.0,3.501224062,1.2409999999999999,11.2,-8.28548436,5.0,6.0,16.18,2.0,8.0,4.0,-8.28548436,6.0,1.17,4.5,33.06,13.81,6.0,1.81,13.81,0.55,229.0,6.0,W,Fe,5.403919999999999,-0.7431800000000001,refractory
1687.0,6.0,4.340238825,1.2409999999999999,0.0004,-4.90201039,2.0,4.0,16.345,6.0,14.0,0.0,-5.424918005,5.0,1.11,2.6,32.01,50.21,4.0,1.77,13.81,0.26,227.0,0.0,Fe,Si,2.39436,-0.20244,transition_metal
544.4,10.0,5.089070533,1.278,0.9,-3.89538374,0.0,6.0,20.292,0.0,15.0,0.0,-3.9736943999999994,3.5,1.46,13.4,12.353,11.106,0.0,1.47,11.106,0.73,12.0,10.0,Cu,Bi,1.63815,-0.44205,transition_metal
3695.0,10.0,4.004162334,1.278,18.2,-12.95880062,3.0,6.0,20.292,6.0,6.0,6.0,-12.95880062,4.0,1.3,4.5,32.955,52.31,6.0,1.81,13.6,0.6,229.0,4.0,Cu,W,2.4377400000000002,0.35754,transition_metal
1768.0,10.0,3.447656463,1.253,17.9,-6.98008657,1.5,4.0,20.292,3.0,9.0,3.0,-7.080389145,2.5,1.16,13.0,14.9,16.2,3.0,1.75,13.6,0.65,194.0,7.0,Cu,Co,2.47185,0.39165,transition_metal
3459.0,10.0,3.884620563,1.37,5.8,-12.10177805,2.5,6.0,19.63,5.0,7.0,5.0,-12.41702777,5.5,1.28,6.2,25.41,34.08,5.0,1.85,16.74,0.53,194.0,5.0,Pd,Re,3.9085699999999997,1.26257,noble-metal
1050.0,4.0,6.008506453,1.37,5.0,-1.67793991,3.0,6.0,11.03,4.0,2.0,0.0,-1.6828136000000002,4.0,1.91,4.5,29.87,7.43,6.0,1.81,7.43,0.6,225.0,0.0,W,Sr,5.64283,-0.50427,refractory
3290.0,8.0,4.169391995,1.246,8.1,-11.85139954,4.5,6.0,18.168,5.0,5.0,7.0,-11.85139954,4.0,1.34,6.3,27.025,36.57,7.0,1.75,17.48,0.64,229.0,3.0,Ni,Ta,2.8567,-0.0961,transition_metal
2180.0,10.0,3.550558664,1.249,7.9,-9.50480758,2.5,5.0,19.63,5.0,6.0,5.0,-9.50571654,5.0,1.18,4.9,18.87,21.0,5.0,1.73,16.74,0.62,229.0,5.0,Pd,Cr,3.14051,0.49451000000000006,noble-metal
2896.0,4.0,3.973998007,1.3619999999999999,17.3,-10.84610777,5.5,6.0,16.461,1.0,6.0,5.0,-10.84610777,6.0,1.3,4.5,44.895,37.48,6.0,1.81,37.48,0.59,229.0,5.0,W,Mo,6.0301599999999995,-0.11694,refractory
2896.0,10.0,3.973998007,1.3619999999999999,17.3,-10.84610777,2.5,6.0,20.521,5.0,6.0,5.0,-10.84610777,4.5,1.3,4.8,25.015,37.48,5.0,1.77,12.55,0.59,229.0,5.0,Au,Mo,2.8125,1.0278,noble-metal
594.22,7.0,4.272293466,1.357,14.7,-0.74033904,1.5,6.0,16.908,3.0,12.0,0.0,-0.812174225,2.5,1.41,6.4,23.665,6.21,3.0,1.83,6.21,0.63,194.0,10.0,Ir,Cd,4.42133,-0.12577,noble-metal
3459.0,8.0,3.884620563,1.246,5.8,-12.10177805,3.5,6.0,18.168,3.0,7.0,5.0,-12.41702777,5.0,1.28,6.2,25.78,34.08,5.0,1.85,17.48,0.53,194.0,5.0,Ni,Re,3.45954,0.50674,transition_metal
2237.0,10.0,3.79278409,1.345,23.0,-6.90998391,1.0,6.0,20.521,2.0,9.0,2.0,-7.25364552,4.5,1.25,8.2,19.57,26.59,2.0,1.76,12.55,0.67,225.0,8.0,Au,Rh,2.5423,0.7576,noble-metal
1234.93,10.0,4.027313073999999,1.278,60.7,-2.71997917,0.0,5.0,21.49,0.0,11.0,0.0,-2.76539356,2.0,1.34,16.5,12.45,11.3,0.0,1.47,11.3,0.73,225.0,10.0,Cu,Ag,1.9474,-0.1328,transition_metal
234.32,10.0,4.656246199,1.375,1.0,-0.15983096,0.0,6.0,19.63,0.0,12.0,0.0,-0.250105562,3.0,1.49,11.8,9.5175,2.295,0.0,1.67,2.295,0.64,166.0,10.0,Pd,Hg,2.3763,-0.2697,noble-metal
1234.93,10.0,4.027313073999999,1.375,10.0,-2.71997917,0.0,5.0,21.49,0.0,11.0,0.0,-2.76539356,3.0,1.34,11.8,14.02,11.3,0.0,1.67,11.3,0.64,225.0,10.0,Pd,Ag,2.53626,-0.10974,noble-metal
3695.0,8.0,4.004162334,1.246,14.6,-12.95880062,4.0,6.0,18.168,4.0,6.0,6.0,-12.95880062,4.5,1.3,4.5,34.895,52.31,6.0,1.81,17.48,0.6,229.0,4.0,Ni,W,3.19678,0.24398000000000003,transition_metal
2506.0,9.0,4.4613982089999995,1.38,3.4,-9.77464936,4.5,6.0,18.563,7.0,4.0,8.0,-9.954299335,4.0,1.44,5.9,24.6875,27.2,8.0,1.78,22.175,0.63,194.0,2.0,Pt,Hf,3.09901,0.42261000000000004,noble-metal
1768.0,10.0,3.447656463,1.253,10.0,-6.98008657,1.5,5.0,19.63,3.0,9.0,3.0,-7.080389145,3.5,1.16,11.8,16.47,16.2,3.0,1.75,16.2,0.64,194.0,7.0,Pd,Co,2.64417,-0.00183,noble-metal
594.22,10.0,4.272293466,1.278,14.7,-0.74033904,0.0,5.0,20.292,0.0,12.0,0.0,-0.812174225,2.0,1.41,16.5,9.905,6.21,0.0,1.47,6.21,0.73,194.0,10.0,Cu,Cd,1.9001599999999998,-0.18004,transition_metal
692.68,2.0,3.822215211,1.3319999999999999,2.3,-1.1570915000000002,4.0,5.0,17.964000000000002,8.0,12.0,0.0,-1.239999915,3.0,1.25,5.7,14.034,7.068,8.0,1.41,7.068,0.74,194.0,10.0,Zr,Zn,2.8041,0.20756999999999998,transition_metal
302.91,5.0,4.225207441,1.3619999999999999,1.8,-2.97839076,2.5,5.0,20.51,5.0,13.0,0.0,-3.0122553030000003,4.5,1.26,4.8,21.5325,5.585,5.0,1.77,5.585,0.59,64.0,10.0,Mo,Ga,4.96448,-0.06432,refractory
1811.0,8.0,3.501224062,1.2409999999999999,11.2,-8.28548436,3.0,4.0,18.168,2.0,8.0,4.0,-8.28548436,4.5,1.17,11.8,15.645,13.81,4.0,1.77,13.81,0.55,229.0,6.0,Ni,Fe,2.93702,-0.015780000000000002,transition_metal
2128.0,10.0,4.527079516000001,1.278,2.3,-8.46727487,4.0,5.0,20.292,8.0,4.0,8.0,-8.545958555,3.0,1.45,5.7,17.3,21.0,8.0,1.47,13.6,0.73,194.0,2.0,Cu,Zr,1.86133,-0.21886999999999998,transition_metal
923.0,10.0,4.50714913,1.278,22.4,-1.51367083,0.0,4.0,20.292,10.0,2.0,0.0,-1.54227231,2.0,1.36,16.5,11.04,8.48,0.0,1.47,8.48,0.72,194.0,0.0,Cu,Mg,1.9882900000000001,-0.09191,transition_metal
2607.0,10.0,3.780696194,1.325,10.0,-8.57093238,1.5,5.0,19.63,3.0,8.0,3.0,-9.19463357,6.0,1.25,6.4,27.665,38.59,3.0,1.83,16.74,0.62,194.0,7.0,Pd,Ru,3.2462400000000002,0.60024,noble-metal
3695.0,5.0,4.004162334,1.3619999999999999,17.3,-12.95880062,5.5,6.0,16.461,1.0,6.0,6.0,-12.95880062,6.0,1.3,4.5,44.895,52.31,6.0,1.81,37.48,0.59,229.0,4.0,Mo,W,5.25813,0.22933,refractory
2041.4,10.0,3.91660681,1.375,9.4,-5.92513799,0.5,6.0,19.63,1.0,10.0,1.0,-6.02850968,4.0,1.3,8.8,19.4575,22.175,1.0,1.78,16.74,0.63,225.0,9.0,Pd,Pt,2.81414,0.16814,noble-metal
594.22,10.0,4.272293466,1.375,10.0,-0.74033904,0.0,5.0,19.63,0.0,12.0,0.0,-0.812174225,3.0,1.41,11.8,11.475,6.21,0.0,1.67,6.21,0.64,194.0,10.0,Pd,Cd,2.4777400000000003,-0.16826,noble-metal
692.68,9.0,3.822215211,1.3319999999999999,9.4,-1.1570915000000002,0.5,6.0,18.563,1.0,12.0,0.0,-1.239999915,3.0,1.25,8.8,14.6215,7.068,1.0,1.78,7.068,0.63,194.0,10.0,Pt,Zn,2.80416,0.12775999999999998,noble-metal
2739.0,7.0,3.84489682,1.357,21.3,-8.22715557,3.0,6.0,0.0,0.0,9.0,3.0,-8.84851145,3.0,1.27,6.4,41.12,41.12,3.0,1.83,41.12,0.63,225.0,7.0,Ir,Ir,4.5471,0.0,noble-metal
2607.0,7.0,3.780696194,1.325,14.9,-8.57093238,3.0,6.0,16.76,0.0,8.0,3.0,-9.19463357,5.5,1.25,6.4,39.855,38.59,3.0,1.83,38.59,0.62,194.0,7.0,Ir,Ru,4.7411,0.19399999999999998,noble-metal
1828.05,4.0,3.8628513030000002,1.37,10.0,-5.0910129,3.0,6.0,19.63,6.0,10.0,0.0,-5.13777457,5.0,1.28,4.5,34.525,16.74,6.0,1.81,16.74,0.6,225.0,10.0,W,Pd,5.59128,-0.55582,refractory
1728.0,5.0,3.456049039,1.246,14.6,-5.43913904,3.5,5.0,18.168,3.0,10.0,2.0,-5.54632457,4.5,1.15,4.8,27.48,17.48,5.0,1.77,17.48,0.59,225.0,8.0,Mo,Ni,4.7032,-0.3256,refractory
692.68,10.0,3.822215211,1.3319999999999999,10.0,-1.1570915000000002,0.0,5.0,19.63,0.0,12.0,0.0,-1.239999915,3.0,1.25,11.8,11.904000000000002,7.068,0.0,1.67,7.068,0.64,194.0,10.0,Pd,Zn,2.5344700000000002,-0.11152999999999999,noble-metal
2128.0,2.0,4.527079516000001,1.6,2.3,-8.46727487,8.0,5.0,13.13,0.0,4.0,8.0,-8.545958555,4.0,1.45,5.7,21.0,21.0,8.0,1.41,21.0,0.84,194.0,2.0,Zr,Zr,2.5777400000000004,0.0,transition_metal
429.75,8.0,4.595332378999999,1.246,3.4,-2.65390512,1.0,5.0,18.869,2.0,13.0,0.0,-2.66680196,3.0,1.44,13.4,10.3855,3.2910000000000004,2.0,1.75,3.2910000000000004,0.69,139.0,10.0,Ni,In,2.70238,-0.25042,transition_metal
2506.0,10.0,4.4613982089999995,1.278,3.4,-9.77464936,4.0,6.0,20.292,8.0,4.0,8.0,-9.954299335,3.0,1.44,5.9,20.4,27.2,8.0,1.47,13.6,0.73,194.0,2.0,Cu,Hf,1.92442,-0.15578,transition_metal
692.68,8.0,3.822215211,1.246,14.6,-1.1570915000000002,1.0,4.0,18.168,2.0,12.0,0.0,-1.239999915,2.5,1.25,13.4,12.274000000000001,7.068,2.0,1.75,7.068,0.69,194.0,10.0,Ni,Zn,2.8961200000000002,-0.056679999999999994,transition_metal
1768.0,6.0,3.447656463,1.2409999999999999,11.2,-6.98008657,3.5,4.0,17.06,1.0,9.0,3.0,-7.080389145,4.5,1.16,11.8,15.005,16.2,4.0,1.77,13.81,0.55,194.0,7.0,Fe,Co,2.64035,0.04355,transition_metal
544.4,6.0,5.089070533,1.2409999999999999,0.9,-3.89538374,2.0,6.0,16.687,4.0,15.0,0.0,-3.9736943999999994,5.5,1.46,11.8,12.458,11.106,4.0,1.77,11.106,0.55,12.0,10.0,Fe,Bi,2.2286599999999996,-0.36814,transition_metal
1728.0,10.0,3.456049039,1.246,14.6,-5.43913904,1.0,5.0,21.49,2.0,10.0,2.0,-5.54632457,2.5,1.15,13.4,14.39,17.48,2.0,1.75,11.3,0.69,225.0,8.0,Ag,Ni,2.075071478,0.250571478,noble-metal
1234.93,4.0,4.027313073999999,1.37,18.2,-2.71997917,3.0,6.0,21.49,6.0,11.0,0.0,-2.76539356,4.0,1.34,4.5,31.805,11.3,6.0,1.81,11.3,0.6,225.0,10.0,W,Ag,5.71306,-0.43404,refractory
594.22,10.0,4.272293466,1.442,14.7,-0.74033904,0.0,6.0,20.521,0.0,12.0,0.0,-0.812174225,2.5,1.41,14.2,9.38,6.21,0.0,1.57,6.21,0.85,194.0,10.0,Au,Cd,1.7295,-0.0552,noble-metal
1728.0,9.0,3.456049039,1.246,9.4,-5.43913904,1.5,6.0,18.563,1.0,10.0,2.0,-5.54632457,3.5,1.15,8.8,19.8275,17.48,2.0,1.78,17.48,0.63,225.0,8.0,Pt,Ni,2.5602400000000003,-0.11615999999999999,noble-metal
1519.0,10.0,3.474656242,1.24,0.5,-8.87041076,2.5,4.0,20.292,5.0,7.0,5.0,-9.02056525,4.5,1.17,16.5,13.255,12.91,5.0,1.61,12.91,0.67,217.0,5.0,Cu,Mn,2.03472,-0.04548,transition_metal
1799.0,10.0,5.058773104,1.442,1.8,-6.34029752,4.5,6.0,20.521,9.0,3.0,9.0,-6.464599775,3.0,1.62,11.3,11.97,11.39,9.0,1.57,11.39,0.85,194.0,1.0,Au,Y,1.8551,0.0704,noble-metal
1687.0,4.0,4.340238825,1.32,0.0004,-4.90201039,3.0,6.0,16.345,4.0,14.0,0.0,-5.424918005,5.0,1.11,2.6,51.26,50.21,6.0,1.81,50.21,0.26,227.0,0.0,W,Si,6.04327,-0.10382999999999999,refractory
1728.0,8.0,3.456049039,1.246,14.6,-5.43913904,2.0,4.0,18.168,0.0,10.0,2.0,-5.54632457,3.0,1.15,13.4,17.48,17.48,2.0,1.75,17.48,0.69,225.0,8.0,Ni,Ni,2.9528,0.0,transition_metal
2180.0,9.0,3.550558664,1.249,7.9,-9.50480758,3.0,6.0,18.563,4.0,6.0,5.0,-9.50571654,5.0,1.18,4.9,21.5875,21.0,5.0,1.78,21.0,0.62,229.0,5.0,Pt,Cr,3.27821,0.6018100000000001,noble-metal
2128.0,9.0,4.527079516000001,1.38,2.3,-8.46727487,4.5,6.0,18.563,7.0,4.0,8.0,-8.545958555,4.0,1.45,5.7,21.5875,21.0,8.0,1.78,21.0,0.63,194.0,2.0,Pt,Zr,2.9405799999999997,0.26418,noble-metal
923.0,4.0,4.50714913,1.37,18.2,-1.51367083,3.0,6.0,15.035,4.0,2.0,0.0,-1.54227231,4.0,1.36,4.5,30.395,8.48,6.0,1.81,8.48,0.6,194.0,0.0,W,Mg,6.0591,-0.08800000000000001,refractory
2750.0,10.0,4.173988903,1.278,6.6,-10.09332153,3.0,5.0,20.292,6.0,5.0,6.0,-10.09332153,3.5,1.34,7.3,21.8,30.0,6.0,1.64,13.6,0.64,229.0,4.0,Cu,Nb,1.9946599999999999,-0.08553999999999999,transition_metal
1828.05,10.0,3.8628513030000002,1.375,10.0,-5.0910129,0.0,6.0,20.521,0.0,10.0,0.0,-5.13777457,3.5,1.28,11.8,14.645,16.74,0.0,1.67,12.55,0.64,225.0,10.0,Au,Pd,2.2041,0.4194,noble-metal
1768.0,8.0,3.447656463,1.246,14.6,-6.98008657,2.5,4.0,18.168,1.0,9.0,3.0,-7.080389145,3.0,1.16,13.0,16.84,16.2,3.0,1.75,16.2,0.65,194.0,7.0,Ni,Co,3.0680400000000003,0.11524000000000001,transition_metal
2750.0,6.0,4.173988903,1.2409999999999999,6.6,-10.09332153,5.0,5.0,16.18,2.0,5.0,6.0,-10.09332153,5.5,1.34,7.3,21.905,30.0,6.0,1.77,13.81,0.55,229.0,4.0,Fe,Nb,2.4163,-0.1805,transition_metal
923.0,8.0,4.50714913,1.246,14.6,-1.51367083,1.0,4.0,18.168,8.0,2.0,0.0,-1.54227231,2.5,1.36,13.4,12.98,8.48,2.0,1.75,8.48,0.69,194.0,0.0,Ni,Mg,2.84823,-0.10457000000000001,transition_metal
1728.0,10.0,3.456049039,1.246,10.0,-5.43913904,1.0,5.0,19.63,2.0,10.0,2.0,-5.54632457,3.5,1.15,11.8,17.11,17.48,2.0,1.75,16.74,0.64,225.0,8.0,Pd,Ni,2.5131099999999997,-0.13289,noble-metal
1828.05,8.0,3.8628513030000002,1.246,10.0,-5.0910129,1.0,5.0,19.63,2.0,10.0,0.0,-5.13777457,3.5,1.28,11.8,17.11,16.74,2.0,1.75,16.74,0.64,225.0,10.0,Ni,Pd,2.8144299999999998,-0.13837,transition_metal
2128.0,4.0,4.527079516000001,1.37,2.3,-8.46727487,7.0,6.0,13.13,2.0,4.0,8.0,-8.545958555,5.0,1.45,4.5,36.655,21.0,8.0,1.81,21.0,0.6,194.0,2.0,W,Zr,6.07872,-0.06838,refractory
2183.0,8.0,3.733467966,1.246,4.0,-8.93926069,4.5,4.0,18.168,5.0,5.0,7.0,-8.93926069,4.0,1.22,8.4,19.49,21.5,7.0,1.75,17.48,0.54,229.0,3.0,Ni,V,2.9497299999999997,-0.00307,transition_metal
1814.0,10.0,4.463741557,1.375,1.5,-6.17209116,4.5,5.0,19.63,9.0,3.0,9.0,-6.28551309,3.5,1.44,10.0,15.42,14.1,9.0,1.67,14.1,0.64,194.0,1.0,Pd,Sc,2.66382,0.01782,noble-metal
2607.0,9.0,3.780696194,1.325,9.4,-8.57093238,2.0,6.0,18.563,2.0,8.0,3.0,-9.19463357,6.0,1.25,6.4,30.3825,38.59,3.0,1.83,22.175,0.62,194.0,7.0,Pt,Ru,3.32562,0.64922,noble-metal
1193.0,10.0,5.28468344,1.375,1.9,-4.79586452,4.5,6.0,19.63,9.0,3.0,9.0,-4.927546185,3.5,1.25,5.2,11.47,6.2,9.0,1.67,6.2,0.64,194.0,1.0,Pd,La,1.7066700000000001,-0.9393299999999999,noble-metal
2896.0,10.0,3.973998007,1.278,17.3,-10.84610777,2.5,5.0,20.292,5.0,6.0,5.0,-10.84610777,4.0,1.3,4.8,25.54,37.48,5.0,1.77,13.6,0.59,229.0,5.0,Cu,Mo,2.2305099999999998,0.15031,transition_metal
2430.0,10.0,3.851649375,1.358,0.001,-10.09176138,2.5,5.0,19.63,5.0,7.0,5.0,-10.355151199999998,5.5,1.27,8.0,25.015,33.29,5.0,1.81,16.74,0.56,194.0,5.0,Pd,Tc,3.56999,0.92399,noble-metal
2739.0,8.0,3.84489682,1.246,14.6,-8.22715557,2.5,6.0,18.168,1.0,9.0,3.0,-8.84851145,3.0,1.27,6.4,29.3,41.12,3.0,1.83,17.48,0.63,225.0,7.0,Ni,Ir,3.4554,0.5026,transition_metal
302.91,4.0,4.225207441,1.37,1.8,-2.97839076,3.0,6.0,20.51,6.0,13.0,0.0,-3.0122553030000003,4.5,1.26,4.5,28.9475,5.585,6.0,1.81,5.585,0.6,64.0,10.0,W,Ga,6.09089,-0.05621,refractory
2128.0,8.0,4.527079516000001,1.246,2.3,-8.46727487,5.0,5.0,18.168,6.0,4.0,8.0,-8.545958555,3.5,1.45,5.7,19.24,21.0,8.0,1.75,17.48,0.69,194.0,2.0,Ni,Zr,2.64715,-0.30565,transition_metal
2739.0,10.0,3.84489682,1.357,10.0,-8.22715557,1.5,6.0,19.63,3.0,9.0,3.0,-8.84851145,3.5,1.27,6.4,28.93,41.12,3.0,1.83,16.74,0.63,225.0,7.0,Pd,Ir,3.18873,0.54273,noble-metal
1090.0,6.0,4.459722881,1.2409999999999999,3.8,-4.21496399,2.0,4.0,18.633,4.0,15.0,0.0,-4.650889115,5.5,1.2,11.8,19.125,24.44,4.0,1.77,13.81,0.55,166.0,10.0,Fe,As,2.38301,-0.21379,transition_metal
1814.0,5.0,4.463741557,1.3619999999999999,1.5,-6.17209116,7.0,5.0,16.461,4.0,3.0,9.0,-6.28551309,4.5,1.44,4.8,25.79,14.1,9.0,1.77,14.1,0.59,194.0,1.0,Mo,Sc,4.98989,-0.03891,refractory
2180.0,4.0,3.550558664,1.249,7.9,-9.50480758,5.5,6.0,16.5,1.0,6.0,5.0,-9.50571654,6.0,1.18,4.5,36.655,21.0,6.0,1.81,21.0,0.6,229.0,5.0,W,Cr,5.99785,-0.14925,refractory
2607.0,8.0,3.780696194,1.246,14.6,-8.57093238,2.5,5.0,18.168,1.0,8.0,3.0,-9.19463357,5.5,1.25,6.4,28.035,38.59,3.0,1.83,17.48,0.62,194.0,7.0,Ni,Ru,3.2073400000000003,0.25454,transition_metal
600.61,6.0,4.826588558,1.2409999999999999,4.8,-3.58277457,2.0,6.0,16.18,4.0,14.0,0.0,-3.62902961,5.0,1.47,11.8,9.292,4.774,4.0,1.77,4.774,0.55,225.0,10.0,Fe,Pb,2.2185900000000003,-0.37821,transition_metal
3306.0,10.0,3.834043137,1.278,12.3,-10.33236566,2.0,6.0,20.292,4.0,8.0,4.0,-11.22070399,5.0,1.26,5.1,35.725,57.85,4.0,1.85,13.6,0.63,194.0,6.0,Cu,Os,2.7290799999999997,0.64888,transition_metal
1828.05,5.0,3.8628513030000002,1.3619999999999999,10.0,-5.0910129,2.5,5.0,19.63,5.0,10.0,0.0,-5.13777457,5.0,1.28,4.8,27.11,16.74,5.0,1.77,16.74,0.59,225.0,10.0,Mo,Pd,4.64559,-0.38321,refractory
594.22,5.0,4.272293466,1.3619999999999999,14.7,-0.74033904,2.5,5.0,16.908,5.0,12.0,0.0,-0.812174225,4.0,1.41,4.8,21.845,6.21,5.0,1.77,6.21,0.59,194.0,10.0,Mo,Cd,4.73084,-0.29796,refractory
1193.0,9.0,5.28468344,1.38,1.9,-4.79586452,5.0,6.0,18.563,8.0,3.0,9.0,-4.927546185,3.5,1.25,5.2,14.1875,6.2,9.0,1.78,6.2,0.63,194.0,1.0,Pt,La,1.22709,-0.59931,noble-metal
933.47,2.0,4.039606536,1.43,2.3,-3.65018713,4.0,5.0,18.828,2.0,13.0,0.0,-3.74542312,3.5,1.18,5.7,15.855,10.71,8.0,1.41,10.71,0.54,225.0,0.0,Zr,Al,3.0944599999999998,0.49792,transition_metal
429.75,6.0,4.595332378999999,1.2409999999999999,3.4,-2.65390512,2.0,5.0,18.869,4.0,13.0,0.0,-2.66680196,4.5,1.44,11.8,8.5505,3.2910000000000004,4.0,1.77,3.2910000000000004,0.55,139.0,10.0,Fe,In,2.27298,-0.32382,transition_metal
2180.0,2.0,3.550558664,1.249,2.3,-9.50480758,6.5,5.0,16.5,3.0,6.0,5.0,-9.50571654,5.0,1.18,4.9,21.0,21.0,8.0,1.73,21.0,0.62,229.0,5.0,Zr,Cr,2.4504799999999998,-0.14469,transition_metal
1337.33,4.0,4.0575027310000005,1.37,18.2,-3.18445282,3.0,6.0,20.521,6.0,11.0,0.0,-3.20969261,4.5,1.34,4.5,32.43,12.55,6.0,1.81,12.55,0.6,225.0,10.0,W,Au,5.48304,-0.66406,refractory
577.0,8.0,4.756905929,1.246,5.6,-2.25289773,1.0,6.0,20.428,2.0,13.0,0.0,-2.27267753,3.0,1.48,13.4,10.811,4.1419999999999995,2.0,1.75,4.1419999999999995,0.69,194.0,10.0,Ni,Tl,2.57275,-0.38005,transition_metal
692.68,6.0,3.822215211,1.2409999999999999,11.2,-1.1570915000000002,2.0,4.0,17.964000000000002,4.0,12.0,0.0,-1.239999915,4.0,1.25,11.8,10.439,7.068,4.0,1.77,7.068,0.55,194.0,10.0,Fe,Zn,2.43732,-0.15947999999999998,transition_metal
2237.0,4.0,3.79278409,1.345,18.2,-6.90998391,4.0,6.0,18.08,4.0,9.0,2.0,-7.25364552,6.0,1.25,4.5,39.45,26.59,6.0,1.81,26.59,0.6,225.0,8.0,W,Rh,5.5271,-0.62,refractory
234.32,8.0,4.656246199,1.246,1.0,-0.15983096,1.0,6.0,18.759,2.0,12.0,0.0,-0.250105562,2.5,1.49,13.4,9.8875,2.295,2.0,1.75,2.295,0.69,166.0,10.0,Ni,Hg,2.63922,-0.31358,transition_metal
1337.33,8.0,4.0575027310000005,1.246,14.6,-3.18445282,1.0,6.0,20.521,2.0,11.0,0.0,-3.20969261,3.0,1.34,13.4,15.015,12.55,2.0,1.75,12.55,0.69,225.0,10.0,Ni,Au,2.70755,-0.24525,transition_metal
594.22,8.0,4.272293466,1.246,14.6,-0.74033904,1.0,5.0,18.168,2.0,12.0,0.0,-0.812174225,2.5,1.41,13.4,11.845,6.21,2.0,1.75,6.21,0.69,194.0,10.0,Ni,Cd,2.6947799999999997,-0.25801999999999997,transition_metal
3695.0,2.0,4.004162334,1.37,2.3,-12.95880062,7.0,6.0,13.13,2.0,6.0,6.0,-12.95880062,5.0,1.3,4.5,36.655,52.31,8.0,1.81,21.0,0.6,229.0,4.0,Zr,W,2.56078,-0.02454,transition_metal
1828.05,10.0,3.8628513030000002,1.375,10.0,-5.0910129,0.0,5.0,19.63,0.0,10.0,0.0,-5.13777457,4.0,1.28,11.8,16.74,16.74,0.0,1.67,16.74,0.64,225.0,10.0,Pd,Pd,2.6460000000000004,0.0,noble-metal
1941.0,2.0,4.056692689,1.4480000000000002,2.3,-7.66126811,8.0,5.0,13.58,0.0,4.0,8.0,-7.77522712,4.0,1.32,5.7,17.575,14.15,8.0,1.52,14.15,0.61,194.0,2.0,Zr,Ti,2.8426299999999998,0.24811,transition_metal
600.61,8.0,4.826588558,1.246,4.8,-3.58277457,1.0,6.0,18.168,2.0,14.0,0.0,-3.62902961,3.5,1.47,13.4,11.127,4.774,2.0,1.75,4.774,0.69,225.0,10.0,Ni,Pb,2.51994,-0.43286,transition_metal
2430.0,7.0,3.851649375,1.357,0.001,-10.09176138,4.0,6.0,15.26,2.0,7.0,5.0,-10.355151199999998,5.0,1.27,6.4,37.205,33.29,5.0,1.83,33.29,0.56,194.0,5.0,Ir,Tc,5.06696,0.51986,noble-metal
1337.33,9.0,4.0575027310000005,1.38,9.4,-3.18445282,0.5,6.0,20.521,1.0,11.0,0.0,-3.20969261,3.5,1.34,8.8,17.3625,12.55,1.0,1.78,12.55,0.63,225.0,10.0,Pt,Au,2.5919,-0.0845,noble-metal
1115.0,4.0,5.3260142660000005,1.37,18.2,-1.92725921,3.0,6.0,11.870999999999999,4.0,2.0,0.0,-1.948329565,4.0,1.74,4.5,30.425,8.54,6.0,1.81,8.54,0.6,225.0,0.0,W,Ca,5.86536,-0.28174,refractory
2607.0,4.0,3.780696194,1.325,14.9,-8.57093238,4.5,6.0,16.76,3.0,8.0,3.0,-9.19463357,7.0,1.25,4.5,45.45,38.59,6.0,1.83,38.59,0.6,194.0,7.0,W,Ru,5.6106,-0.5365,refractory
3695.0,10.0,4.004162334,1.37,10.0,-12.95880062,3.0,6.0,19.63,6.0,6.0,6.0,-12.95880062,5.0,1.3,4.5,34.525,52.31,6.0,1.81,16.74,0.6,229.0,4.0,Pd,W,3.88576,1.23976,noble-metal
1941.0,8.0,4.056692689,1.246,2.6,-7.66126811,5.0,4.0,18.168,6.0,4.0,8.0,-7.77522712,3.5,1.32,8.6,15.815,14.15,8.0,1.75,14.15,0.61,194.0,2.0,Ni,Ti,2.91783,-0.03497,transition_metal
2739.0,6.0,3.84489682,1.2409999999999999,11.2,-8.22715557,3.5,6.0,16.18,1.0,9.0,3.0,-8.84851145,4.5,1.27,6.4,27.465,41.12,4.0,1.83,13.81,0.55,225.0,7.0,Fe,Ir,2.70034,0.10354000000000001,transition_metal
692.68,4.0,3.822215211,1.3319999999999999,16.9,-1.1570915000000002,3.0,6.0,17.964000000000002,6.0,12.0,0.0,-1.239999915,4.0,1.25,4.5,29.689,7.068,6.0,1.81,7.068,0.6,194.0,10.0,W,Zn,6.05919,-0.08791,refractory
1687.0,5.0,4.340238825,1.32,0.0004,-4.90201039,2.5,5.0,16.461,5.0,14.0,0.0,-5.424918005,5.0,1.11,2.6,43.845,50.21,5.0,1.77,37.48,0.26,227.0,0.0,Mo,Si,4.92897,-0.09983,refractory
1799.0,4.0,5.058773104,1.37,1.8,-6.34029752,7.5,6.0,12.24,3.0,3.0,9.0,-6.464599775,4.5,1.62,4.5,31.85,11.39,9.0,1.81,11.39,0.6,194.0,1.0,W,Y,5.91681,-0.23029000000000002,refractory
544.4,8.0,5.089070533,1.246,0.9,-3.89538374,1.0,6.0,18.168,2.0,15.0,0.0,-3.9736943999999994,4.0,1.46,13.4,14.293,11.106,2.0,1.75,11.106,0.69,12.0,10.0,Ni,Bi,2.42128,-0.53152,transition_metal
1811.0,5.0,3.501224062,1.2409999999999999,11.2,-8.28548436,4.5,5.0,16.461,1.0,8.0,4.0,-8.28548436,6.0,1.17,4.8,25.645,13.81,5.0,1.77,13.81,0.55,229.0,6.0,Mo,Fe,4.61039,-0.41841000000000006,refractory
1687.0,8.0,4.340238825,1.246,0.0004,-4.90201039,1.0,4.0,18.168,8.0,14.0,0.0,-5.424918005,3.5,1.11,2.6,33.845,50.21,2.0,1.75,17.48,0.26,227.0,0.0,Ni,Si,2.71012,-0.24268,transition_metal
505.08,6.0,5.106259136,1.2409999999999999,8.7,-3.89492544,2.0,5.0,16.18,4.0,14.0,0.0,-3.96104709,5.0,1.41,11.8,10.48,7.15,4.0,1.77,7.15,0.55,141.0,10.0,Fe,Sn,2.30357,-0.29323,transition_metal
2896.0,6.0,3.973998007,1.2409999999999999,11.2,-10.84610777,4.5,5.0,16.461,1.0,6.0,5.0,-10.84610777,6.0,1.3,4.8,25.645,37.48,5.0,1.77,13.81,0.55,229.0,5.0,Fe,Mo,2.45985,-0.13695,transition_metal
2896.0,10.0,3.973998007,1.3619999999999999,10.0,-10.84610777,2.5,5.0,19.63,5.0,6.0,5.0,-10.84610777,5.0,1.3,4.8,27.11,37.48,5.0,1.77,16.74,0.59,229.0,5.0,Pd,Mo,3.6670300000000005,1.0210299999999999,noble-metal
1519.0,9.0,3.474656242,1.24,0.5,-8.87041076,3.0,6.0,18.563,4.0,7.0,5.0,-9.02056525,5.5,1.17,8.8,17.5425,12.91,5.0,1.78,12.91,0.63,217.0,5.0,Pt,Mn,3.04415,0.36775,noble-metal
3459.0,10.0,3.884620563,1.278,5.8,-12.10177805,2.5,6.0,20.292,5.0,7.0,5.0,-12.41702777,4.5,1.28,6.2,23.84,34.08,5.0,1.85,13.6,0.53,194.0,5.0,Cu,Re,2.6350599999999997,0.55486,transition_metal
692.68,5.0,3.822215211,1.3319999999999999,16.9,-1.1570915000000002,2.5,5.0,17.964000000000002,5.0,12.0,0.0,-1.239999915,4.0,1.25,4.8,22.274,7.068,5.0,1.77,7.068,0.59,194.0,10.0,Mo,Zn,4.95383,-0.07497000000000001,refractory
2896.0,2.0,3.973998007,1.3619999999999999,2.3,-10.84610777,6.5,5.0,16.461,3.0,6.0,5.0,-10.84610777,5.0,1.3,4.8,29.24,37.48,8.0,1.77,21.0,0.59,229.0,5.0,Zr,Mo,2.30001,-0.29322,transition_metal
1211.4,10.0,4.514684539,1.278,3e-06,-4.27836489,0.0,4.0,20.292,0.0,14.0,0.0,-4.616039545,3.0,1.22,5.7,25.27,36.94,0.0,1.47,13.6,0.53,225.0,10.0,Cu,Ge,1.9064599999999998,-0.17374,transition_metal
1768.0,4.0,3.447656463,1.253,17.9,-6.98008657,4.5,6.0,17.06,3.0,9.0,3.0,-7.080389145,4.5,1.16,4.5,34.255,16.2,6.0,1.81,16.2,0.6,194.0,7.0,W,Co,5.64026,-0.50684,refractory
2430.0,10.0,3.851649375,1.358,0.001,-10.09176138,2.5,6.0,20.521,5.0,7.0,5.0,-10.355151199999998,5.0,1.27,8.0,22.92,33.29,5.0,1.81,12.55,0.56,194.0,5.0,Au,Tc,2.7899,1.0052,noble-metal
1211.4,8.0,4.514684539,1.246,3e-06,-4.27836489,1.0,4.0,18.168,2.0,14.0,0.0,-4.616039545,3.5,1.22,5.7,27.21,36.94,2.0,1.75,17.48,0.53,225.0,10.0,Ni,Ge,2.79661,-0.15619,transition_metal
577.0,4.0,4.756905929,1.37,5.6,-2.25289773,3.0,6.0,20.428,6.0,13.0,0.0,-2.27267753,4.5,1.48,4.5,28.226,4.1419999999999995,6.0,1.81,4.1419999999999995,0.6,194.0,10.0,W,Tl,5.74236,-0.40474,refractory
3306.0,8.0,3.834043137,1.246,12.3,-10.33236566,3.0,6.0,18.168,2.0,8.0,4.0,-11.22070399,5.5,1.26,5.1,37.665,57.85,4.0,1.85,17.48,0.63,194.0,6.0,Ni,Os,3.5381,0.5853,transition_metal
234.32,4.0,4.656246199,1.37,1.0,-0.15983096,3.0,6.0,18.759,6.0,12.0,0.0,-0.250105562,4.0,1.49,4.5,27.3025,2.295,6.0,1.81,2.295,0.6,166.0,10.0,W,Hg,5.657030000000001,-0.49007,refractory
1234.93,10.0,4.027313073999999,1.442,48.8,-2.71997917,0.0,6.0,21.49,0.0,11.0,0.0,-2.76539356,2.5,1.34,14.2,11.925,11.3,0.0,1.57,11.3,0.85,225.0,10.0,Au,Ag,1.8195,0.0348,noble-metal
2237.0,7.0,3.79278409,1.345,21.3,-6.90998391,2.5,6.0,18.08,1.0,9.0,2.0,-7.25364552,4.5,1.25,6.4,33.855,26.59,3.0,1.83,26.59,0.63,225.0,8.0,Ir,Rh,4.47609,-0.07101,noble-metal
600.61,10.0,4.826588558,1.278,4.8,-3.58277457,0.0,6.0,20.292,0.0,14.0,0.0,-3.62902961,3.0,1.47,16.5,9.187000000000001,4.774,0.0,1.47,4.774,0.73,225.0,10.0,Cu,Pb,1.69163,-0.38856999999999997,transition_metal
1337.33,10.0,4.0575027310000005,1.278,48.8,-3.18445282,0.0,6.0,20.521,0.0,11.0,0.0,-3.20969261,2.5,1.34,14.2,13.075,12.55,0.0,1.57,12.55,0.73,225.0,10.0,Cu,Au,1.97207,-0.10812999999999999,transition_metal
2506.0,10.0,4.4613982089999995,1.375,3.4,-9.77464936,4.0,6.0,19.63,8.0,4.0,8.0,-9.954299335,4.0,1.44,5.9,21.97,27.2,8.0,1.67,16.74,0.64,194.0,2.0,Pd,Hf,2.8866099999999997,0.24061,noble-metal
2237.0,10.0,3.79278409,1.278,23.0,-6.90998391,1.0,5.0,20.292,2.0,9.0,2.0,-7.25364552,4.0,1.25,8.2,20.095,26.59,2.0,1.76,13.6,0.67,225.0,8.0,Cu,Rh,2.46945,0.38925,transition_metal
933.47,8.0,4.039606536,1.246,14.6,-3.65018713,1.0,4.0,18.828,8.0,13.0,0.0,-3.74542312,3.0,1.18,13.4,14.095,10.71,2.0,1.75,10.71,0.54,225.0,0.0,Ni,Al,2.9361900000000003,-0.01661,transition_metal
429.75,5.0,4.595332378999999,1.3619999999999999,3.4,-2.65390512,2.5,5.0,18.869,5.0,13.0,0.0,-2.66680196,4.5,1.44,4.8,20.3855,3.2910000000000004,5.0,1.77,3.2910000000000004,0.59,139.0,10.0,Mo,In,4.84196,-0.18684,refractory
1728.0,4.0,3.456049039,1.246,14.6,-5.43913904,4.0,6.0,18.168,4.0,10.0,2.0,-5.54632457,4.5,1.15,4.5,34.895,17.48,6.0,1.81,17.48,0.6,225.0,8.0,W,Ni,5.77079,-0.37631,refractory
1234.93,9.0,4.027313073999999,1.38,9.4,-2.71997917,0.5,6.0,21.49,1.0,11.0,0.0,-2.76539356,3.0,1.34,8.8,16.7375,11.3,1.0,1.78,11.3,0.63,225.0,10.0,Pt,Ag,2.7048799999999997,0.028480000000000002,noble-metal
2739.0,10.0,3.84489682,1.278,21.3,-8.22715557,1.5,6.0,20.292,3.0,9.0,3.0,-8.84851145,2.5,1.27,6.4,27.36,41.12,3.0,1.83,13.6,0.63,225.0,7.0,Cu,Ir,2.67585,0.59565,transition_metal
2183.0,10.0,3.733467966,1.278,4.0,-8.93926069,3.5,4.0,20.292,7.0,5.0,7.0,-8.93926069,3.5,1.22,8.4,17.55,21.5,7.0,1.64,13.6,0.54,229.0,3.0,Cu,V,2.15587,0.07567,transition_metal
505.08,5.0,5.106259136,1.3619999999999999,8.7,-3.89492544,2.5,5.0,16.461,5.0,14.0,0.0,-3.96104709,5.0,1.41,4.8,22.315,7.15,5.0,1.77,7.15,0.59,141.0,10.0,Mo,Sn,4.893009999999999,-0.13579000000000002,refractory
2430.0,9.0,3.851649375,1.358,0.001,-10.09176138,3.0,6.0,18.563,4.0,7.0,5.0,-10.355151199999998,5.5,1.27,8.0,27.7325,33.29,5.0,1.81,22.175,0.56,194.0,5.0,Pt,Tc,3.7826199999999996,1.10622,noble-metal
1090.0,5.0,4.459722881,1.3619999999999999,3.8,-4.21496399,2.5,5.0,18.633,5.0,15.0,0.0,-4.650889115,5.5,1.2,4.8,30.96,24.44,5.0,1.77,24.44,0.58,166.0,10.0,Mo,As,4.85173,-0.17707,refractory
2896.0,7.0,3.973998007,1.357,17.3,-10.84610777,4.0,6.0,16.461,2.0,6.0,5.0,-10.84610777,4.5,1.3,4.8,39.3,37.48,5.0,1.83,37.48,0.59,229.0,5.0,Ir,Mo,4.93558,0.38848,noble-metal
1814.0,4.0,4.463741557,1.37,1.5,-6.17209116,7.5,6.0,12.8,3.0,3.0,9.0,-6.28551309,4.5,1.44,4.5,33.205,14.1,9.0,1.81,14.1,0.6,194.0,1.0,W,Sc,6.11722,-0.02988,refractory
3290.0,10.0,4.169391995,1.278,8.1,-11.85139954,3.5,6.0,20.292,7.0,5.0,7.0,-11.85139954,3.5,1.34,6.3,25.085,36.57,7.0,1.63,13.6,0.64,229.0,3.0,Cu,Ta,2.08834,0.008140000000000001,transition_metal
1941.0,5.0,4.056692689,1.3619999999999999,2.6,-7.66126811,6.5,5.0,16.461,3.0,4.0,8.0,-7.77522712,5.0,1.32,4.8,25.815,14.15,8.0,1.77,14.15,0.59,194.0,2.0,Mo,Ti,5.04455,0.01575,refractory
2607.0,6.0,3.780696194,1.2409999999999999,11.2,-8.57093238,3.5,5.0,16.76,1.0,8.0,3.0,-9.19463357,7.0,1.25,6.4,26.2,38.59,4.0,1.83,13.81,0.55,194.0,7.0,Fe,Ru,2.5755,-0.0213,transition_metal
1799.0,7.0,5.058773104,1.357,1.8,-6.34029752,6.0,6.0,12.24,6.0,3.0,9.0,-6.464599775,3.0,1.62,6.4,26.255,11.39,9.0,1.83,11.39,0.63,194.0,1.0,Ir,Y,4.30652,-0.24058000000000002,noble-metal
1234.93,10.0,4.027313073999999,1.444,62.9,-2.71997917,0.0,5.0,21.49,0.0,11.0,0.0,-2.76539356,2.0,1.34,18.9,11.3,11.3,0.0,1.36,11.3,1.15,225.0,10.0,Ag,Ag,1.8245,0.0,noble-metal
3290.0,2.0,4.169391995,1.43,2.3,-11.85139954,7.5,6.0,13.13,1.0,5.0,7.0,-11.85139954,4.5,1.34,5.7,28.785,36.57,8.0,1.63,21.0,0.64,229.0,3.0,Zr,Ta,2.74765,0.15385,transition_metal
1814.0,10.0,4.463741557,1.444,1.5,-6.17209116,4.5,5.0,21.49,9.0,3.0,9.0,-6.28551309,2.5,1.44,10.0,12.7,14.1,9.0,1.36,11.3,0.75,194.0,1.0,Ag,Sc,1.8230686630000001,-0.0014313370000000002,noble-metal
1768.0,9.0,3.447656463,1.253,9.4,-6.98008657,2.0,6.0,18.563,2.0,9.0,3.0,-7.080389145,3.5,1.16,8.8,19.1875,16.2,3.0,1.78,16.2,0.63,194.0,7.0,Pt,Co,2.55821,-0.11819,noble-metal
2750.0,8.0,4.173988903,1.246,6.6,-10.09332153,4.0,5.0,18.168,4.0,5.0,6.0,-10.09332153,4.0,1.34,7.3,23.74,30.0,6.0,1.75,17.48,0.64,229.0,4.0,Ni,Nb,2.86462,-0.08818,transition_metal
2237.0,9.0,3.79278409,1.345,9.4,-6.90998391,1.5,6.0,18.563,1.0,9.0,2.0,-7.25364552,5.0,1.25,8.2,24.3825,26.59,2.0,1.78,22.175,0.63,225.0,8.0,Pt,Rh,2.89242,0.21602,noble-metal
505.08,8.0,5.106259136,1.246,8.7,-3.89492544,1.0,5.0,18.168,2.0,14.0,0.0,-3.96104709,3.5,1.41,13.4,12.315,7.15,2.0,1.75,7.15,0.69,141.0,10.0,Ni,Sn,2.7072700000000003,-0.24553000000000003,transition_metal
317.3,5.0,4.486063093,1.28,1e-16,-4.6830362,2.5,5.0,19.725,5.0,15.0,0.0,-5.400509043,5.5,1.06,4.8,28.01,18.54,5.0,1.77,18.54,0.17,2.0,0.0,Mo,P,4.773540000000001,-0.25526,refractory
2180.0,5.0,3.550558664,1.249,7.9,-9.50480758,5.0,5.0,16.5,0.0,6.0,5.0,-9.50571654,6.0,1.18,4.8,29.24,21.0,5.0,1.77,21.0,0.59,229.0,5.0,Mo,Cr,5.06851,0.03971,refractory
1234.93,6.0,4.027313073999999,1.2409999999999999,11.2,-2.71997917,2.0,5.0,21.49,4.0,11.0,0.0,-2.76539356,4.0,1.34,11.8,12.555,11.3,4.0,1.77,11.3,0.55,225.0,10.0,Fe,Ag,2.32068,-0.27612,transition_metal
505.08,10.0,5.106259136,1.278,8.7,-3.89492544,0.0,5.0,20.292,0.0,14.0,0.0,-3.96104709,3.0,1.41,16.5,10.375,7.15,0.0,1.47,7.15,0.71,141.0,10.0,Cu,Sn,1.8464099999999999,-0.23379,transition_metal
1357.77,10.0,3.5378211239999997,1.278,10.0,-3.64288728,0.0,5.0,20.292,0.0,11.0,0.0,-3.68065482,3.0,1.17,11.8,15.17,13.6,0.0,1.67,13.6,0.64,225.0,10.0,Pd,Cu,2.5356799999999997,-0.11032,noble-metal
1211.4,4.0,4.514684539,1.37,3e-06,-4.27836489,3.0,6.0,15.934000000000001,6.0,14.0,0.0,-4.616039545,5.0,1.22,4.5,44.625,36.94,6.0,1.81,36.94,0.53,225.0,10.0,W,Ge,6.02651,-0.12059,refractory
3290.0,10.0,4.169391995,1.375,8.1,-11.85139954,3.5,6.0,19.63,7.0,5.0,7.0,-11.85139954,4.5,1.34,6.3,26.655,36.57,7.0,1.67,16.74,0.64,229.0,3.0,Pd,Ta,3.4692,0.8232,noble-metal
1811.0,6.0,3.501224062,1.2409999999999999,11.2,-8.28548436,4.0,4.0,16.18,0.0,8.0,4.0,-8.28548436,6.0,1.17,11.8,13.81,13.81,4.0,1.77,13.81,0.55,229.0,6.0,Fe,Fe,2.5968,0.0,transition_metal
923.0,5.0,4.50714913,1.3619999999999999,17.3,-1.51367083,2.5,5.0,16.461,5.0,2.0,0.0,-1.54227231,4.0,1.36,4.8,22.98,8.48,5.0,1.77,8.48,0.59,194.0,0.0,Mo,Mg,4.95666,-0.07214,refractory
302.91,8.0,4.225207441,1.246,1.8,-2.97839076,1.0,4.0,20.51,2.0,13.0,0.0,-3.0122553030000003,3.0,1.26,13.4,11.5325,5.585,2.0,1.75,5.585,0.62,64.0,10.0,Ni,Ga,2.8782200000000002,-0.07458,transition_metal
2183.0,10.0,3.733467966,1.321,4.0,-8.93926069,3.5,5.0,19.63,7.0,5.0,7.0,-8.93926069,4.5,1.22,8.4,19.12,21.5,7.0,1.67,16.74,0.54,229.0,3.0,Pd,V,3.13015,0.48415,noble-metal
1814.0,9.0,4.463741557,1.38,1.5,-6.17209116,5.0,6.0,18.563,8.0,3.0,9.0,-6.28551309,3.5,1.44,8.8,18.1375,14.1,9.0,1.78,14.1,0.63,194.0,1.0,Pt,Sc,2.8511900000000003,0.17479,noble-metal
3695.0,6.0,4.004162334,1.2409999999999999,11.2,-12.95880062,5.0,6.0,16.18,2.0,6.0,6.0,-12.95880062,6.0,1.3,4.5,33.06,52.31,6.0,1.81,13.81,0.55,229.0,4.0,Fe,W,2.50008,-0.09672,transition_metal
1814.0,8.0,4.463741557,1.246,1.5,-6.17209116,5.5,4.0,18.168,7.0,3.0,9.0,-6.28551309,3.0,1.44,10.0,15.79,14.1,9.0,1.75,14.1,0.69,194.0,1.0,Ni,Sc,2.6985900000000003,-0.25421,transition_metal
3306.0,6.0,3.834043137,1.2409999999999999,11.2,-10.33236566,4.0,6.0,16.18,0.0,8.0,4.0,-11.22070399,7.0,1.26,5.1,35.83,57.85,4.0,1.85,13.81,0.55,194.0,6.0,Fe,Os,2.7227799999999998,0.12598,transition_metal
903.78,6.0,5.016478962,1.2409999999999999,2.6,-3.88991513,2.0,5.0,16.53,4.0,15.0,0.0,-4.11736234,5.5,1.4,11.0,16.8,19.79,4.0,1.77,13.81,0.55,166.0,10.0,Fe,Sb,2.3468400000000003,-0.24996,transition_metal
2430.0,6.0,3.851649375,1.2409999999999999,0.001,-10.09176138,4.5,5.0,16.18,1.0,7.0,5.0,-10.355151199999998,6.5,1.27,8.0,23.55,33.29,5.0,1.81,13.81,0.55,194.0,5.0,Fe,Tc,2.50765,-0.08915,transition_metal
1519.0,6.0,3.474656242,1.24,0.5,-8.87041076,4.5,4.0,16.18,1.0,7.0,5.0,-9.02056525,6.5,1.17,11.8,13.36,12.91,5.0,1.77,12.91,0.55,217.0,5.0,Fe,Mn,2.42964,-0.16716,transition_metal
2041.4,4.0,3.91660681,1.37,9.4,-5.92513799,3.5,6.0,18.563,5.0,10.0,1.0,-6.02850968,5.0,1.3,4.5,37.2425,22.175,6.0,1.81,22.175,0.6,225.0,9.0,W,Pt,5.38202,-0.76508,refractory
1519.0,5.0,3.474656242,1.24,0.5,-8.87041076,5.0,5.0,16.461,0.0,7.0,5.0,-9.02056525,6.5,1.17,4.8,25.195,12.91,5.0,1.77,12.91,0.59,217.0,5.0,Mo,Mn,4.81209,-0.21670999999999999,refractory
1768.0,10.0,3.447656463,1.253,17.9,-6.98008657,1.5,5.0,21.49,3.0,9.0,3.0,-7.080389145,2.5,1.16,13.0,13.75,16.2,3.0,1.75,11.3,0.65,194.0,7.0,Ag,Co,1.734358324,-0.09014167599999999,noble-metal
1234.93,2.0,4.027313073999999,1.444,2.3,-2.71997917,4.0,5.0,21.49,8.0,11.0,0.0,-2.76539356,3.0,1.34,5.7,16.15,11.3,8.0,1.41,11.3,0.84,225.0,10.0,Zr,Ag,2.72588,0.12935,transition_metal
2183.0,9.0,3.733467966,1.321,4.0,-8.93926069,4.0,6.0,18.563,6.0,5.0,7.0,-8.93926069,4.5,1.22,8.4,21.8375,21.5,7.0,1.78,21.5,0.54,229.0,3.0,Pt,V,3.33673,0.66033,noble-metal
2750.0,10.0,4.173988903,1.375,6.6,-10.09332153,3.0,5.0,19.63,6.0,5.0,6.0,-10.09332153,4.5,1.34,7.3,23.37,30.0,6.0,1.67,16.74,0.64,229.0,4.0,Pd,Nb,3.34044,0.69444,noble-metal
1687.0,10.0,4.340238825,1.278,0.0004,-4.90201039,0.0,4.0,20.292,10.0,14.0,0.0,-5.424918005,3.0,1.11,2.6,31.905,50.21,0.0,1.5,13.6,0.26,227.0,0.0,Cu,Si,1.91422,-0.16598,transition_metal
2128.0,6.0,4.527079516000001,1.2409999999999999,2.3,-8.46727487,6.0,5.0,16.18,4.0,4.0,8.0,-8.545958555,5.0,1.45,5.7,17.405,21.0,8.0,1.77,13.81,0.55,194.0,2.0,Fe,Zr,2.29169,-0.30511,transition_metal
2750.0,2.0,4.173988903,1.429,2.3,-10.09332153,7.0,5.0,14.32,2.0,5.0,6.0,-10.09332153,4.5,1.34,5.7,25.5,30.0,8.0,1.64,21.0,0.64,229.0,4.0,Zr,Nb,2.5237700000000003,-0.06702000000000001,transition_metal
302.91,6.0,4.225207441,1.2409999999999999,1.8,-2.97839076,2.0,4.0,20.51,4.0,13.0,0.0,-3.0122553030000003,4.5,1.26,11.8,9.6975,5.585,4.0,1.77,5.585,0.55,64.0,10.0,Fe,Ga,2.4379299999999997,-0.15887,transition_metal
2041.4,5.0,3.91660681,1.3619999999999999,9.4,-5.92513799,3.0,6.0,18.563,4.0,10.0,1.0,-6.02850968,5.0,1.3,4.8,29.8275,22.175,5.0,1.78,22.175,0.59,225.0,9.0,Mo,Pt,4.50807,-0.52073,refractory
1357.77,4.0,3.5378211239999997,1.278,18.2,-3.64288728,3.0,6.0,20.292,6.0,11.0,0.0,-3.68065482,4.0,1.17,4.5,32.955,13.6,6.0,1.81,13.6,0.6,225.0,10.0,W,Cu,5.962940000000001,-0.18416,refractory
1090.0,4.0,4.459722881,1.37,3.8,-4.21496399,3.0,6.0,18.633,6.0,15.0,0.0,-4.650889115,5.5,1.2,4.5,38.375,24.44,6.0,1.81,24.44,0.58,166.0,10.0,W,As,5.92017,-0.22693000000000002,refractory
1941.0,10.0,4.056692689,1.375,2.6,-7.66126811,4.0,5.0,19.63,8.0,4.0,8.0,-7.77522712,4.0,1.32,8.6,15.445,14.15,8.0,1.67,14.15,0.61,194.0,2.0,Pd,Ti,2.8257,0.1797,noble-metal
2041.4,8.0,3.91660681,1.246,9.4,-5.92513799,1.5,6.0,18.563,1.0,10.0,1.0,-6.02850968,3.5,1.3,8.8,19.8275,22.175,2.0,1.78,17.48,0.63,225.0,9.0,Ni,Pt,3.06244,0.10964000000000002,transition_metal
1519.0,10.0,3.474656242,1.24,0.5,-8.87041076,2.5,5.0,21.49,5.0,7.0,5.0,-9.02056525,4.5,1.17,18.9,12.105,12.91,5.0,1.61,11.3,0.67,217.0,5.0,Ag,Mn,2.026685741,0.202185741,noble-metal
1828.05,6.0,3.8628513030000002,1.2409999999999999,10.0,-5.0910129,2.0,5.0,19.63,4.0,10.0,0.0,-5.13777457,5.0,1.28,11.8,15.275,16.74,4.0,1.77,13.81,0.55,225.0,10.0,Fe,Pd,2.45233,-0.14447000000000002,transition_metal
2237.0,6.0,3.79278409,1.2409999999999999,11.2,-6.90998391,3.0,5.0,18.08,2.0,9.0,2.0,-7.25364552,6.0,1.25,8.2,20.2,26.59,4.0,1.77,13.81,0.55,225.0,8.0,Fe,Rh,2.56039,-0.036410000000000005,transition_metal
2750.0,7.0,4.173988903,1.357,6.6,-10.09332153,4.5,6.0,14.32,3.0,5.0,6.0,-10.09332153,4.0,1.34,6.4,35.56,30.0,6.0,1.83,30.0,0.63,229.0,4.0,Ir,Nb,4.71079,0.16369,noble-metal
2041.4,9.0,3.91660681,1.38,9.4,-5.92513799,1.0,6.0,18.563,0.0,10.0,1.0,-6.02850968,4.0,1.3,8.8,22.175,22.175,1.0,1.78,22.175,0.63,225.0,9.0,Pt,Pt,2.6764,0.0,noble-metal
1357.77,10.0,3.5378211239999997,1.278,60.7,-3.64288728,0.0,4.0,20.292,0.0,11.0,0.0,-3.68065482,2.0,1.17,16.5,13.6,13.6,0.0,1.47,13.6,0.73,225.0,10.0,Cu,Cu,2.0802,0.0,transition_metal
1728.0,6.0,3.456049039,1.2409999999999999,11.2,-5.43913904,3.0,4.0,18.168,2.0,10.0,2.0,-5.54632457,4.5,1.15,11.8,15.645,17.48,4.0,1.77,13.81,0.55,225.0,8.0,Fe,Ni,2.5172,-0.0796,transition_metal
1799.0,9.0,5.058773104,1.38,1.8,-6.34029752,5.0,6.0,18.563,8.0,3.0,9.0,-6.464599775,3.5,1.62,8.8,16.7825,11.39,9.0,1.78,11.39,0.63,194.0,1.0,Pt,Y,2.31825,-0.35815,noble-metal
692.68,10.0,3.822215211,1.3319999999999999,16.9,-1.1570915000000002,0.0,5.0,21.49,0.0,12.0,0.0,-1.239999915,2.0,1.25,18.9,9.184,7.068,0.0,1.36,7.068,0.74,194.0,10.0,Ag,Zn,1.6775237669999998,-0.146976233,noble-metal
2750.0,9.0,4.173988903,1.38,6.6,-10.09332153,3.5,6.0,18.563,5.0,5.0,6.0,-10.09332153,4.5,1.34,7.3,26.0875,30.0,6.0,1.78,22.175,0.63,229.0,4.0,Pt,Nb,3.6427199999999997,0.9663200000000001,noble-metal
1357.77,9.0,3.5378211239999997,1.278,9.4,-3.64288728,0.5,6.0,20.292,1.0,11.0,0.0,-3.68065482,3.0,1.17,8.8,17.8875,13.6,1.0,1.78,13.6,0.63,225.0,10.0,Pt,Cu,2.78163,0.10522999999999999,noble-metal
1941.0,10.0,4.056692689,1.444,2.6,-7.66126811,4.0,5.0,21.49,8.0,4.0,8.0,-7.77522712,3.0,1.32,8.6,12.725,14.15,8.0,1.52,11.3,0.61,194.0,2.0,Ag,Ti,1.9894680580000002,0.164968058,noble-metal
429.75,10.0,4.595332378999999,1.278,3.4,-2.65390512,0.0,5.0,20.292,0.0,13.0,0.0,-2.66680196,2.5,1.44,16.5,8.4455,3.2910000000000004,0.0,1.47,3.2910000000000004,0.73,139.0,10.0,Cu,In,1.8753099999999998,-0.20489000000000002,transition_metal
