x,y,group
-10.0,10.000045399929762,0
-9.99,9.990045856206642,0
-9.98,9.980046317069181,0
-9.97,9.970046782563466,0
-9.96,9.960047252736045,0
-9.95,9.950047727633937,0
-9.94,9.940048207304631,0
-9.93,9.930048691796099,0
-9.92,9.920049181156784,0
-9.91,9.910049675435628,0
-9.9,9.900050174682056,0
-9.89,9.890050678945995,0
-9.88,9.88005118827787,0
-9.87,9.870051702728613,0
-9.86,9.860052222349676,0
-9.85,9.850052747193015,0
-9.84,9.84005327731112,0
-9.83,9.830053812756997,0
-9.82,9.820054353584197,0
-9.81,9.810054899846799,0
-9.8,9.800055451599432,0
-9.79,9.79005600889727,0
-9.78,9.780056571796047,0
-9.77,9.77005714035205,0
-9.76000000000001,9.760057714622146,0
-9.75000000000001,9.750058294663742,0
-9.74000000000001,9.740058880534852,0
-9.73000000000001,9.730059472294064,0
-9.72000000000001,9.720060070000557,0
-9.71000000000001,9.710060673714098,0
-9.70000000000001,9.700061283495064,0
-9.69000000000001,9.690061899404428,0
-9.68000000000001,9.680062521503785,0
-9.67000000000001,9.670063149855345,0
-9.66000000000001,9.660063784521942,0
-9.65000000000001,9.650064425567043,0
-9.64000000000001,9.640065073054757,0
-9.63000000000001,9.63006572704983,0
-9.62000000000001,9.620066387617664,0
-9.61000000000001,9.610067054824313,0
-9.60000000000001,9.600067728736501,0
-9.59000000000001,9.590068409421619,0
-9.58000000000001,9.580069096947737,0
-9.57000000000001,9.570069791383606,0
-9.56000000000001,9.56007049279867,0
-9.55000000000001,9.550071201263076,0
-9.54000000000001,9.540071916847667,0
-9.53000000000001,9.530072639624002,0
-9.52000000000001,9.520073369664361,0
-9.51000000000001,9.510074107041747,0
-9.50000000000001,9.500074851829899,0
-9.49000000000001,9.490075604103296,0
-9.48000000000001,9.480076363937163,0
-9.47000000000001,9.470077131407493,0
-9.46000000000001,9.460077906591025,0
-9.45000000000001,9.45007868956528,0
-9.44000000000001,9.44007948040856,0
-9.43000000000001,9.430080279199947,0
-9.42000000000001,9.42008108601932,0
-9.41000000000001,9.410081900947363,0
-9.40000000000001,9.400082724065566,0
-9.39000000000001,9.390083555456247,0
-9.38000000000001,9.380084395202543,0
-9.37000000000001,9.370085243388429,0
-9.36000000000001,9.360086100098727,0
-9.35000000000001,9.350086965419104,0
-9.34000000000001,9.340087839436098,0
-9.33000000000001,9.330088722237107,0
-9.32000000000001,9.320089613910412,0
-9.31000000000001,9.310090514545186,0
-9.30000000000001,9.300091424231487,0
-9.29000000000002,9.2900923430603,0
-9.28000000000002,9.280093271123485,0
-9.27000000000002,9.270094208513859,0
-9.26000000000002,9.260095155325164,0
-9.25000000000002,9.25009611165208,0
-9.24000000000002,9.240097077590242,0
-9.23000000000002,9.230098053236246,0
-9.22000000000002,9.220099038687653,0
-9.21000000000002,9.21010003404301,0
-9.20000000000002,9.200101039401858,0
-9.19000000000002,9.19010205486473,0
-9.18000000000002,9.180103080533168,0
-9.17000000000002,9.17010411650975,0
-9.16000000000002,9.16010516289807,0
-9.15000000000002,9.150106219802767,0
-9.14000000000002,9.140107287329531,0
-9.13000000000002,9.13010836558512,0
-9.12000000000002,9.120109454677356,0
-9.11000000000002,9.110110554715153,0
-9.10000000000002,9.100111665808509,0
-9.09000000000002,9.090112788068543,0
-9.08000000000002,9.080113921607476,0
-9.07000000000002,9.070115066538666,0
-9.06000000000002,9.060116222976605,0
-9.05000000000002,9.05011739103694,0
-9.04000000000002,9.040118570836475,0
-9.03000000000002,9.030119762493193,0
-9.02000000000002,9.020120966126258,0
-9.01000000000002,9.010122181856039,0
-9.00000000000002,9.000123409804106,0
-8.99000000000002,8.990124650093257,0
-8.98000000000002,8.980125902847522,0
-8.97000000000002,8.970127168192176,0
-8.96000000000002,8.960128446253755,0
-8.95000000000002,8.950129737160067,0
-8.94000000000002,8.940131041040202,0
-8.93000000000002,8.930132358024549,0
-8.92000000000002,8.92013368824481,0
-8.91000000000002,8.910135031834008,0
-8.90000000000002,8.900136388926501,0
-8.89000000000002,8.890137759658002,0
-8.88000000000002,8.880139144165582,0
-8.87000000000002,8.870140542587695,0
-8.86000000000002,8.860141955064183,0
-8.85000000000002,8.850143381736295,0
-8.84000000000002,8.840144822746701,0
-8.83000000000002,8.830146278239503,0
-8.82000000000003,8.820147748360263,0
-8.81000000000003,8.81014923325597,0
-8.80000000000003,8.800150733075125,0
-8.79000000000003,8.790152247967715,0
-8.78000000000003,8.780153778085229,0
-8.77000000000003,8.77015532358068,0
-8.76000000000003,8.760156884608616,0
-8.75000000000003,8.750158461325146,0
-8.74000000000003,8.74016005388794,0
-8.73000000000003,8.730161662456256,0
-8.72000000000003,8.720163287190953,0
-8.71000000000003,8.710164928254503,0
-8.70000000000003,8.700166585811017,0
-8.69000000000003,8.690168260026251,0
-8.68000000000003,8.68016995106763,0
-8.67000000000003,8.670171659104255,0
-8.66000000000003,8.660173384306933,0
-8.65000000000003,8.650175126848188,0
-8.64000000000003,8.640176886902273,0
-8.63000000000003,8.630178664645195,0
-8.62000000000003,8.62018046025473,0
-8.61000000000003,8.610182273910443,0
-8.60000000000003,8.600184105793698,0
-8.59000000000003,8.590185956087685,0
-8.58000000000003,8.580187824977436,0
-8.57000000000003,8.570189712649842,0
-8.56000000000003,8.560191619293672,0
-8.55000000000003,8.550193545099587,0
-8.54000000000003,8.540195490260176,0
-8.53000000000003,8.530197454969954,0
-8.52000000000003,8.520199439425394,0
-8.51000000000003,8.510201443824942,0
-8.50000000000003,8.50020346836904,0
-8.49000000000003,8.490205513260147,0
-8.48000000000003,8.480207578702748,0
-8.47000000000003,8.470209664903393,0
-8.46000000000003,8.460211772070704,0
-8.45000000000003,8.450213900415397,0
-8.44000000000003,8.440216050150312,0
-8.43000000000003,8.43021822149042,0
-8.42000000000003,8.42022041465286,0
-8.41000000000003,8.41022262985695,0
-8.40000000000003,8.400224867324209,0
-8.39000000000003,8.39022712727839,0
-8.38000000000003,8.380229409945485,0
-8.37000000000003,8.370231715553768,0
-8.36000000000003,8.360234044333799,0
-8.35000000000004,8.350236396518468,0
-8.34000000000004,8.340238772342978,0
-8.33000000000004,8.330241172044918,0
-8.32000000000004,8.320243595864264,0
-8.31000000000004,8.310246044043401,0
-8.30000000000004,8.300248516827148,0
-8.29000000000004,8.290251014462784,0
-8.28000000000004,8.280253537200075,0
-8.27000000000004,8.270256085291297,0
-8.26000000000004,8.260258658991262,0
-8.25000000000004,8.250261258557343,0
-8.24000000000004,8.240263884249494,0
-8.23000000000004,8.230266536330292,0
-8.22000000000004,8.220269215064945,0
-8.21000000000004,8.210271920721329,0
-8.20000000000004,8.200274653570013,0
-8.19000000000004,8.190277413884282,0
-8.18000000000004,8.18028020194017,0
-8.17000000000004,8.170283018016486,0
-8.16000000000004,8.160285862394836,0
-8.15000000000004,8.150288735359668,0
-8.14000000000004,8.140291637198276,0
-8.13000000000004,8.130294568200846,0
-8.12000000000004,8.120297528660481,0
-8.11000000000004,8.110300518873231,0
-8.10000000000004,8.10030353913812,0
-8.09000000000004,8.090306589757175,0
-8.08000000000004,8.080309671035458,0
-8.07000000000004,8.070312783281105,0
-8.06000000000004,8.060315926805341,0
-8.05000000000004,8.05031910192252,0
-8.04000000000004,8.04032230895016,0
-8.03000000000004,8.03032554820896,0
-8.02000000000004,8.020328820022854,0
-8.01000000000004,8.010332124719024,0
-8.00000000000004,8.000335462627943,0
-7.99000000000004,7.990338834083404,0
-7.98000000000004,7.980342239422556,0
-7.97000000000004,7.970345678985934,0
-7.96000000000004,7.9603491531175,0
-7.95000000000004,7.9503526621646685,0
-7.94000000000004,7.940356206478348,0
-7.93000000000004,7.9303597864129705,0
-7.92000000000004,7.920363402326535,0
-7.91000000000004,7.910367054580635,0
-7.90000000000004,7.900370743540499,0
-7.89000000000004,7.8903744695750255,0
-7.88000000000005,7.880378233056832,0
-7.87000000000005,7.87038203436225,0
-7.86000000000005,7.860385873871422,0
-7.85000000000005,7.850389751968303,0
-7.84000000000005,7.840393669040704,0
-7.83000000000005,7.830397625480339,0
-7.82000000000005,7.820401621682853,0
-7.81000000000005,7.810405658047871,0
-7.80000000000005,7.800409734979029,0
-7.79000000000005,7.790413852884028,0
-7.78000000000005,7.780418012174661,0
-7.77000000000005,7.770422213266859,0
-7.76000000000005,7.760426456580736,0
-7.75000000000005,7.750430742540625,0
-7.74000000000005,7.740435071575129,0
-7.73000000000005,7.730439444117152,0
-7.72000000000005,7.720443860603953,0
-7.71000000000005,7.710448321477184,0
-7.70000000000005,7.700452827182937,0
-7.69000000000005,7.690457378171785,0
-7.68000000000005,7.680461974898832,0
-7.67000000000005,7.670466617823752,0
-7.66000000000005,7.6604713074108455,0
-7.65000000000005,7.650476044129072,0
-7.64000000000005,7.640480828452109,0
-7.63000000000005,7.63048566085839,0
-7.62000000000005,7.620490541831162,0
-7.61000000000005,7.610495471858528,0
-7.60000000000005,7.600500451433491,0
-7.59000000000005,7.590505481054014,0
-7.58000000000005,7.580510561223064,0
-7.57000000000005,7.570515692448662,0
-7.56000000000005,7.5605208752439355,0
-7.55000000000005,7.550526110127166,0
-7.54000000000005,7.540531397621848,0
-7.53000000000005,7.530536738256735,0
-7.52000000000005,7.520542132565896,0
-7.51000000000005,7.5105475810887645,0
-7.50000000000005,7.500553084370198,0
-7.49000000000005,7.490558642960529,0
-7.48000000000005,7.480564257415623,0
-7.47000000000005,7.4705699282969285,0
-7.46000000000005,7.460575656171537,0
-7.45000000000005,7.450581441612243,0
-7.44000000000005,7.440587285197596,0
-7.43000000000005,7.430593187511958,0
-7.42000000000005,7.420599149145564,0
-7.41000000000006,7.410605170694595,0
-7.40000000000006,7.400611252761189,0
-7.39000000000006,7.390617395953569,0
-7.38000000000006,7.38062360088606,0
-7.37000000000006,7.370629868179157,0
-7.36000000000006,7.3606361984595985,0
-7.35000000000006,7.3506425923604155,0
-7.34000000000006,7.340649050521004,0
-7.33000000000006,7.330655573587185,0
-7.32000000000006,7.320662162211272,0
-7.31000000000006,7.3106688170521315,0
-7.30000000000006,7.300675538775254,0
-7.29000000000006,7.290682328052816,0
-7.28000000000006,7.2806891855637526,0
-7.27000000000006,7.27069611199382,0
-7.26000000000006,7.260703108035667,0
-7.25000000000006,7.250710174388903,0
-7.24000000000006,7.240717311760169,0
-7.23000000000006,7.23072452086321,0
-7.22000000000006,7.220731802418941,0
-7.21000000000006,7.2107391571555235,0
-7.20000000000006,7.200746585808436,0
-7.19000000000006,7.190754089120554,0
-7.18000000000006,7.180761667842211,0
-7.17000000000006,7.170769322731287,0
-7.16000000000006,7.160777054553277,0
-7.15000000000006,7.150784864081371,0
-7.14000000000006,7.140792752096527,0
-7.13000000000006,7.130800719387553,0
-7.12000000000006,7.120808766751184,0
-7.11000000000006,7.110816894992165,0
-7.10000000000006,7.1008251049233255,0
-7.09000000000006,7.0908333973656665,0
-7.08000000000006,7.080841773148438,0
-7.07000000000006,7.070850233109226,0
-7.06000000000006,7.060858778094034,0
-7.05000000000006,7.050867408957367,0
-7.04000000000006,7.040876126562319,0
-7.03000000000006,7.030884931780656,0
-7.02000000000006,7.020893825492909,0
-7.01000000000006,7.010902808588456,0
-7.00000000000006,7.000911881965615,0
-6.99000000000006,6.990921046531729,0
-6.98000000000006,6.980930303203265,0
-6.97000000000006,6.970939652905896,0
-6.96000000000006,6.960949096574601,0
-6.95000000000007,6.950958635153764,0
-6.94000000000007,6.940968269597231,0
-6.93000000000007,6.930978000868465,0
-6.92000000000007,6.920987829940601,0
-6.91000000000007,6.9109977577965545,0
-6.90000000000007,6.901007785429118,0
-6.89000000000007,6.891017913841066,0
-6.88000000000007,6.881028144045245,0
-6.87000000000007,6.871038477064686,0
-6.86000000000007,6.861048913932697,0
-6.85000000000007,6.851059455692977,0
-6.84000000000007,6.8410701033997094,0
-6.83000000000007,6.831080858117674,0
-6.82000000000007,6.821091720922349,0
-6.81000000000007,6.811102692900027,0
-6.80000000000007,6.801113775147915,0
-6.79000000000007,6.791124968774245,0
-6.78000000000007,6.78113627489839,0
-6.77000000000007,6.771147694650971,0
-6.76000000000007,6.761159229173974,0
-6.75000000000007,6.751170879620862,0
-6.74000000000007,6.741182647156686,0
-6.73000000000007,6.731194532958211,0
-6.72000000000007,6.721206538214028,0
-6.71000000000007,6.711218664124671,0
-6.70000000000007,6.701230911902743,0
-6.69000000000007,6.691243282773031,0
-6.68000000000007,6.681255777972632,0
-6.67000000000007,6.671268398751077,0
-6.66000000000007,6.661281146370454,0
-6.65000000000007,6.651294022105535,0
-6.64000000000007,6.641307027243906,0
-6.63000000000007,6.63132016308609,0
-6.62000000000007,6.6213334309456835,0
-6.61000000000007,6.611346832149481,0
-6.60000000000007,6.601360368037618,0
-6.59000000000007,6.591374039963691,0
-6.58000000000007,6.581387849294906,0
-6.57000000000007,6.571401797412206,0
-6.56000000000007,6.561415885710416,0
-6.55000000000007,6.551430115598378,0
-6.54000000000007,6.54144448849909,0
-6.53000000000007,6.531459005849857,0
-6.52000000000007,6.5214736691024235,0
-6.51000000000007,6.51148847972313,0
-6.50000000000007,6.501503439193048,0
-6.49000000000007,6.491518549008138,0
-6.48000000000008,6.481533810679404,0
-6.47000000000008,6.471549225733007,0
-6.46000000000008,6.461564795710474,0
-6.45000000000008,6.4515805221688165,0
-6.44000000000008,6.441596406680692,0
-6.43000000000008,6.4316124508345665,0
-6.42000000000008,6.421628656234868,0
-6.41000000000008,6.411645024502151,0
-6.40000000000008,6.401661557273254,0
-6.39000000000008,6.391678256201469,0
-6.38000000000008,6.381695122956703,0
-6.37000000000008,6.371712159225646,0
-6.36000000000008,6.361729366711938,0
-6.35000000000008,6.351746747136341,0
-6.34000000000008,6.341764302236914,0
-6.33000000000008,6.331782033769182,0
-6.32000000000008,6.321799943506311,0
-6.31000000000008,6.31181803323929,0
-6.30000000000008,6.301836304777108,0
-6.29000000000008,6.291854759946935,0
-6.28000000000008,6.281873400594303,0
-6.27000000000008,6.27189222858329,0
-6.26000000000008,6.261911245796712,0
-6.25000000000008,6.251930454136308,0
-6.24000000000008,6.241949855522925,0
-6.23000000000008,6.2319694518967195,0
-6.22000000000008,6.221989245217345,0
-6.21000000000008,6.21200923746415,0
-6.20000000000008,6.202029430636376,0
-6.19000000000008,6.192049826753356,0
-6.18000000000008,6.18207042785472,0
-6.17000000000008,6.172091236000595,0
-6.16000000000008,6.162112253271813,0
-6.15000000000008,6.152133481770118,0
-6.14000000000008,6.142154923618377,0
-6.13000000000008,6.132176580960794,0
-6.12000000000008,6.122198455963122,0
-6.11000000000008,6.112220550812879,0
-6.10000000000008,6.102242867719565,0
-6.09000000000008,6.092265408914894,0
-6.08000000000008,6.082288176653002,0
-6.07000000000008,6.072311173210682,0
-6.06000000000008,6.062334400887609,0
-6.05000000000008,6.05235786200657,0
-6.04000000000008,6.042381558913696,0
-6.03000000000008,6.0324054939786995,0
-6.02000000000008,6.0224296695951045,0
-6.01000000000009,6.012454088180504,0
-6.00000000000009,6.0024787521767555,0
-5.99000000000009,5.992503664050292,0
-5.98000000000009,5.982528826292319,0
-5.97000000000009,5.9725542414190835,0
-5.96000000000009,5.962579911972116,0
-5.95000000000009,5.9526058405184985,0
-5.94000000000009,5.9426320296511035,0
-5.93000000000009,5.932658481988867,0
-5.92000000000009,5.922685200177043,0
-5.91000000000009,5.912712186887476,0
-5.90000000000009,5.902739444818859,0
-5.89000000000009,5.892766976697005,0
-5.88000000000009,5.882794785275126,0
-5.87000000000009,5.872822873334105,0
-5.86000000000009,5.862851243682769,0
-5.85000000000009,5.852879899158178,0
-5.84000000000009,5.842908842625902,0
-5.83000000000009,5.832938076980313,0
-5.82000000000009,5.82296760514487,0
-5.81000000000009,5.812997430072416,0
-5.80000000000009,5.803027554745466,0
-5.79000000000009,5.793057982176513,0
-5.78000000000009,5.783088715408327,0
-5.77000000000009,5.773119757514255,0
-5.76000000000009,5.7631511115985345,0
-5.75000000000009,5.753182780796599,0
-5.74000000000009,5.743214768275396,0
-5.73000000000009,5.733247077233701,0
-5.72000000000009,5.723279710902434,0
-5.71000000000009,5.71331267254499,0
-5.70000000000009,5.703345965457561,0
-5.69000000000009,5.693379592969467,0
-5.68000000000009,5.683413558443485,0
-5.67000000000009,5.673447865276192,0
-5.66000000000009,5.663482516898301,0
-5.65000000000009,5.653517516775002,0
-5.64000000000009,5.643552868406311,0
-5.63000000000009,5.633588575327421,0
-5.62000000000009,5.623624641109055,0
-5.61000000000009,5.61366106935782,0
-5.60000000000009,5.603697863716572,0
-5.59000000000009,5.593735027864778,0
-5.58000000000009,5.583772565518881,0
-5.57000000000009,5.573810480432682,0
-5.56000000000009,5.5638487763977,0
-5.55000000000009,5.553887457243566,0
-5.5400000000001,5.543926526838406,0
-5.5300000000001,5.53396598908919,0
-5.5200000000001,5.52400584794219,0
-5.5100000000001,5.514046107383322,0
-5.5000000000001,5.504086771438564,0
-5.4900000000001,5.494127844174355,0
-5.4800000000001,5.484169329698004,0
-5.4700000000001,5.474211232158097,0
-5.4600000000001,5.464253555744915,0
-5.4500000000001,5.4542963046908515,0
-5.4400000000001,5.444339483270839,0
-5.4300000000001,5.434383095802769,0
-5.4200000000001,5.424427146647932,0
-5.4100000000001,5.414471640211447,0
-5.4000000000001,5.404516580942712,0
-5.3900000000001,5.3945619733358345,0
-5.3800000000001,5.384607821930093,0
-5.3700000000001,5.374654131310383,0
-5.3600000000001,5.364700906107682,0
-5.3500000000001,5.354748150999511,0
-5.3400000000001,5.344795870710396,0
-5.3300000000001,5.334844070012349,0
-5.3200000000001,5.324892753725338,0
-5.3100000000001,5.314941926717779,0
-5.3000000000001,5.30499159390701,0
-5.2900000000001,5.295041760259791,0
-5.2800000000001,5.2850924307927984,0
-5.2700000000001,5.27514361057313,0
-5.2600000000001,5.265195304718805,0
-5.2500000000001,5.2552475183992815,0
-5.2400000000001,5.24530025683597,0
-5.2300000000001,5.235353525302759,0
-5.2200000000001,5.225407329126541,0
-5.2100000000001,5.215461673687741,0
-5.2000000000001,5.20551656442086,0
-5.1900000000001,5.195572006815019,0
-5.1800000000001,5.185628006414504,0
-5.1700000000001,5.175684568819319,0
-5.1600000000001,5.1657416996857535,0
-5.1500000000001,5.155799404726942,0
-5.1400000000001,5.145857689713435,0
-5.1300000000001,5.135916560473781,0
-5.1200000000001,5.125976022895105,0
-5.1100000000001,5.116036082923698,0
-5.1000000000001,5.106096746565615,0
-5.0900000000001,5.096158019887269,0
-5.0800000000001,5.086219909016043,0
-5.07000000000011,5.0762824201409105,0
-5.06000000000011,5.066345559513018,0
-5.05000000000011,5.056409333446366,0
-5.04000000000011,5.046473748318399,0
-5.03000000000011,5.036538810570659,0
-5.02000000000011,5.0266045267094235,0
-5.01000000000011,5.016670903306364,0
-5.00000000000011,5.006737946999195,0
-4.99000000000011,4.99680566449234,0
-4.98000000000011,4.986874062557606,0
-4.97000000000011,4.976943148034855,0
-4.96000000000011,4.967012927832695,0
-4.95000000000011,4.9570834089291615,0
-4.94000000000011,4.947154598372423,0
-4.93000000000011,4.937226503281486,0
-4.92000000000011,4.927299130846897,0
-4.91000000000011,4.917372488331478,0
-4.90000000000011,4.907446583071033,0
-4.89000000000011,4.897521422475102,0
-4.88000000000011,4.887597014027687,0
-4.87000000000011,4.877673365288005,0
-4.86000000000011,4.867750483891245,0
-4.85000000000011,4.8578283775493345,0
-4.84000000000011,4.847907054051703,0
-4.83000000000011,4.837986521266065,0
-4.82000000000011,4.82806678713921,0
-4.81000000000011,4.818147859697789,0
-4.80000000000011,4.808229747049129,0
-4.79000000000011,4.798312457382032,0
-4.78000000000011,4.788395998967601,0
-4.77000000000011,4.778480380160062,0
-4.76000000000011,4.768565609397607,0
-4.75000000000011,4.75865169520323,0
-4.74000000000011,4.748738646185583,0
-4.73000000000011,4.738826471039835,0
-4.72000000000011,4.728915178548548,0
-4.71000000000011,4.719004777582546,0
-4.70000000000011,4.709095277101805,0
-4.69000000000011,4.699186686156353,0
-4.68000000000011,4.689279013887173,0
-4.67000000000011,4.679372269527115,0
-4.66000000000011,4.66946646240182,0
-4.65000000000011,4.659561601930652,0
-4.64000000000011,4.649657697627647,0
-4.63000000000011,4.639754759102452,0
-4.62000000000011,4.6298527960612965,0
-4.61000000000011,4.619951818307957,0
-4.60000000000012,4.610051835744753,0
-4.59000000000012,4.600152858373488,0
-4.58000000000012,4.590254896296523,0
-4.57000000000012,4.580357959717733,0
-4.56000000000012,4.570462058943546,0
-4.55000000000012,4.560567204383971,0
-4.54000000000012,4.550673406553641,0
-4.53000000000012,4.5407806760728615,0
-4.52000000000012,4.530889023668673,0
-4.51000000000012,4.520998460175925,0
-4.50000000000012,4.511108996538361,0
-4.49000000000012,4.501220643809708,0
-4.48000000000012,4.491333413154786,0
-4.47000000000012,4.481447315850624,0
-4.46000000000012,4.471562363287587,0
-4.45000000000012,4.461678566970514,0
-4.44000000000012,4.45179593851987,0
-4.43000000000012,4.441914489672908,0
-4.42000000000012,4.432034232284842,0
-4.41000000000012,4.4221551783300335,0
-4.40000000000012,4.412277339903187,0
-4.39000000000012,4.402400729220561,0
-4.38000000000012,4.392525358621192,0
-4.37000000000012,4.382651240568124,0
-4.36000000000012,4.372778387649655,0
-4.35000000000012,4.362906812580599,0
-4.34000000000012,4.353036528203556,0
-4.33000000000012,4.343167547490198,0
-4.32000000000012,4.333299883542562,0
-4.31000000000012,4.323433549594364,0
-4.30000000000012,4.313568559012319,0
-4.29000000000012,4.303704925297483,0
-4.28000000000012,4.293842662086598,0
-4.27000000000012,4.283981783153457,0
-4.26000000000012,4.274122302410282,0
-4.25000000000012,4.264264233909118,0
-4.24000000000012,4.254407591843231,0
-4.23000000000012,4.2445523905485345,0
-4.22000000000012,4.23469864450502,0
-4.21000000000012,4.224846368338205,0
-4.20000000000012,4.214995576820596,0
-4.19000000000012,4.205146284873165,0
-4.18000000000012,4.195298507566843,0
-4.17000000000012,4.185452260124028,0
-4.16000000000012,4.175607557920101,0
-4.15000000000012,4.165764416484973,0
-4.14000000000012,4.15592285150463,0
-4.13000000000013,4.146082878822716,0
-4.12000000000013,4.136244514442078,0
-4.11000000000013,4.12640777452642,0
-4.10000000000013,4.11657267540189,0
-4.09000000000013,4.1067392335587085,0
-4.08000000000013,4.096907465652833,0
-4.07000000000013,4.087077388507613,0
-4.06000000000013,4.077249019115474,0
-4.05000000000013,4.067422374639621,0
-4.04000000000013,4.05759747241575,0
-4.03000000000013,4.047774329953787,0
-4.02000000000013,4.037952964939631,0
-4.01000000000013,4.028133395236929,0
-4.00000000000013,4.018315638888861,0
-3.99000000000013,4.008499714119947,0
-3.98000000000013,3.9986856393378605,0
-3.97000000000013,3.988873433135279,0
-3.96000000000013,3.979063114291739,0
-3.95000000000013,3.9692547017755144,0
-3.94000000000013,3.959448214745513,0
-3.93000000000013,3.9496436725531927,0
-3.92000000000013,3.939841094744498,0
-3.91000000000013,3.930040501061811,0
-3.90000000000013,3.920241911445932,0
-3.89000000000013,3.9104453460380646,0
-3.88000000000013,3.90065082518184,0
-3.87000000000013,3.8908583694253416,0
-3.86000000000013,3.8810679995231685,0
-3.85000000000013,3.8712797364385048,0
-3.84000000000013,3.861493601345217,0
-3.83000000000013,3.851709615629976,0
-3.82000000000013,3.8419278008943887,0
-3.81000000000013,3.8321481789571648,0
-3.80000000000013,3.8223707718562925,0
-3.79000000000013,3.8125956018512492,0
-3.78000000000013,3.80282269142522,0
-3.77000000000013,3.7930520632873526,0
-3.76000000000013,3.783283740375024,0
-3.75000000000013,3.773517745856136,0
-3.74000000000013,3.763754103131432,0
-3.73000000000013,3.753992835836836,0
-3.72000000000013,3.7442339678458176,0
-3.71000000000013,3.7344775232717797,0
-3.70000000000013,3.724723526470466,0
-3.69000000000013,3.714972002042403,0
-3.68000000000013,3.705222974835354,0
-3.67000000000013,3.695476469946808,0
-3.66000000000014,3.685732512726496,0
-3.65000000000014,3.6759911287788913,0
-3.64000000000014,3.6662523439658243,0
-3.63000000000014,3.65651618440903,0
-3.62000000000014,3.646782676492774,0
-3.61000000000014,3.6370518468664867,0
-3.60000000000014,3.6273237224474286,0
-3.59000000000014,3.6175983304233856,0
-3.58000000000014,3.6078756982553832,0
-3.57000000000014,3.5981558536804363,0
-3.56000000000014,3.5884388247143204,0
-3.55000000000014,3.5787246396543755,0
-3.54000000000014,3.5690133270823328,0
-3.53000000000014,3.559304915867177,0
-3.52000000000014,3.5495994351680276,0
-3.51000000000014,3.5398969144370622,0
-3.50000000000014,3.530197383422454,0
-3.49000000000014,3.520500872171353,0
-3.48000000000014,3.5108074110328866,0
-3.47000000000014,3.5011170306611965,0
-3.46000000000014,3.491429762018503,0
-3.45000000000014,3.4817456363782036,0
-3.44000000000014,3.472064685327996,0
-3.43000000000014,3.4623869407730425,0
-3.42000000000014,3.452712434939155,0
-3.41000000000014,3.4430412003760225,0
-3.40000000000014,3.433373269960461,0
-3.39000000000014,3.423708676899708,0
-3.38000000000014,3.4140474547347344,0
-3.37000000000014,3.4043896373436078,0
-3.36000000000014,3.394735258944874,0
-3.35000000000014,3.38508435410098,0
-3.34000000000014,3.375436957721734,0
-3.33000000000014,3.36579310506779,0
-3.32000000000014,3.3561528317541813,0
-3.31000000000014,3.346516173753875,0
-3.30000000000014,3.336883167401375,0
-3.29000000000014,3.3272538493963504,0
-3.28000000000014,3.317628256807311,0
-3.27000000000014,3.308006427075309,0
-3.26000000000014,3.298388398017687,0
-3.25000000000014,3.2887742078318563,0
-3.24000000000014,3.2791638950991215,0
-3.23000000000014,3.269557498788533,0
-3.22000000000014,3.2599550582607884,0
-3.21000000000014,3.2503566132721655,0
-3.20000000000014,3.2407622039785005,0
-3.19000000000015,3.2311718709392117,0
-3.18000000000015,3.221585655121317,0
-3.17000000000015,3.2120035979035895,0
-3.16000000000015,3.202425741080655,0
-3.15000000000015,3.1928521268671837,0
-3.14000000000015,3.183282797902109,0
-3.13000000000015,3.1737177972528943,0
-3.12000000000015,3.1641571684198366,0
-3.11000000000015,3.1546009553404177,0
-3.10000000000015,3.145049202393701,0
-3.09000000000015,3.1355019544047646,0
-3.08000000000015,3.1259592566491876,0
-3.07000000000015,3.116421154857574,0
-3.06000000000015,3.1068876952201316,0
-3.05000000000015,3.097358924391284,0
-3.04000000000015,3.0878348894943413,0
-3.03000000000015,3.0783156381262105,0
-3.02000000000015,3.0688012183621556,0
-3.01000000000015,3.0592916787606046,0
-3.00000000000015,3.0497870683680066,0
-2.99000000000015,3.0402874367237342,0
-2.98000000000015,3.030792833865041,0
-2.97000000000015,3.0213033103320615,0
-2.96000000000015,3.011818917172868,0
-2.95000000000015,3.0023397059485744,0
-2.94000000000015,2.9928657287384923,0
-2.93000000000015,2.983397038145339,0
-2.92000000000015,2.973933687300498,0
-2.91000000000015,2.9644757298693314,0
-2.90000000000015,2.955023220056549,0
-2.89000000000015,2.9455762126116247,0
-2.88000000000015,2.9361347628342753,0
-2.87000000000015,2.9266989265799888,0
-2.86000000000015,2.9172687602656087,0
-2.85000000000015,2.90784432087498,0
-2.84000000000015,2.898425665964642,0
-2.83000000000015,2.8890128536695894,0
-2.82000000000015,2.8796059427090803,0
-2.81000000000015,2.8702049923925146,0
-2.80000000000015,2.860810062625359,0
-2.79000000000015,2.851421213915141,0
-2.78000000000015,2.8420385073774987,0
-2.77000000000015,2.8326620047422937,0
-2.76000000000015,2.8232917683597814,0
-2.75000000000015,2.813927861206848,0
-2.74000000000015,2.8045703468933088,0
-2.73000000000015,2.795219289668268,0
-2.72000000000016,2.7858747544265525,0
-2.71000000000016,2.776536806715166,0
-2.70000000000016,2.767205512739899,0
-2.69000000000016,2.7578809393719106,0
-2.68000000000016,2.748563154154427,0
-2.67000000000016,2.7392522253094946,0
-2.66000000000016,2.729948221744804,0
-2.65000000000016,2.720651213060578,0
-2.64000000000016,2.7113612695565346,0
-2.63000000000016,2.702078462238915,0
-2.62000000000016,2.692802862827584,0
-2.61000000000016,2.6835345437632054,0
-2.60000000000016,2.674273578214482,0
-2.59000000000016,2.665020040085475,0
-2.58000000000016,2.655774004022993,0
-2.57000000000016,2.6465355454240593,0
-2.56000000000016,2.6373047404434473,0
-2.55000000000016,2.6280816660013007,0
-2.54000000000016,2.6188663997908224,0
-2.53000000000016,2.6096590202860455,0
-2.52000000000016,2.6004596067496797,0
-2.51000000000016,2.591268239241039,0
-2.50000000000016,2.5820849986240457,0
-2.49000000000016,2.5729099665753195,0
-2.48000000000016,2.5637432255923422,0
-2.47000000000016,2.5545848590017113,0
-2.46000000000016,2.5454349509674676,0
-2.45000000000016,2.5362935864995166,0
-2.44000000000016,2.5271608514621273,0
-2.43000000000016,2.5180368325825184,0
-2.42000000000016,2.508921617459532,0
-2.41000000000016,2.4998152945723935,0
-2.40000000000016,2.4907179532895576,0
-2.39000000000016,2.4816296838776504,0
-2.38000000000016,2.472550577510489,0
-2.37000000000016,2.4634807262782035,0
-2.36000000000016,2.4544202231964474,0
-2.35000000000016,2.445369162215694,0
-2.34000000000016,2.4363276382306376,0
-2.33000000000016,2.427295747089677,0
-2.32000000000016,2.418273585604506,0
-2.31000000000016,2.4092612515597898,0
-2.30000000000016,2.400258843722948,0
-2.29000000000016,2.391266461854027,0
-2.28000000000016,2.3822842067156813,0
-2.27000000000016,2.3733121800832437,0
-2.26000000000016,2.3643504847549086,0
-2.25000000000017,2.3553992245620163,0
-2.24000000000017,2.3464585043794046,0
-2.23000000000017,2.3375284301359467,0
-2.22000000000017,2.3286091088251095,0
-2.21000000000017,2.3197006485156626,0
-2.20000000000017,2.310803158362485,0
-2.19000000000017,2.30191674861748,0
-2.18000000000017,2.2930415306406005,0
-2.17000000000017,2.284177616910987,0
-2.16000000000017,2.275325121038213,0
-2.15000000000017,2.266484157773647,0
-2.14000000000017,2.257654843021929,0
-2.13000000000017,2.2488372938525596,0
-2.12000000000017,2.2400316285116064,0
-2.11000000000017,2.231237966433531,0
-2.10000000000017,2.2224564282531314,0
-2.09000000000017,2.2136871358176036,0
-2.08000000000017,2.2049302121987315,0
-2.07000000000017,2.196185781705187,0
-2.06000000000017,2.1874539698949693,0
-2.05000000000017,2.1787349035879524,0
-2.04000000000017,2.170028710878574,0
-2.03000000000017,2.1613355211486405,0
-2.02000000000017,2.152655465080269,0
-2.01000000000017,2.143988674668952,0
-2.00000000000017,2.13533528323676,0
-1.99000000000017,2.1266954254456705,1
-1.98000000000017,2.1180692373110395,1
-1.97000000000017,2.109456856215197,1
-1.96000000000017,2.100858420921191,1
-1.95000000000017,2.0922740715866595,1
-1.94000000000017,2.0837039497778487,1
-1.93000000000017,2.075148198483769,1
-1.92000000000017,2.0666069621304954,1
-1.91000000000017,2.0580803865956074,1
-1.90000000000017,2.0495686192227796,1
-1.89000000000017,2.041071808836515,1
-1.88000000000017,2.032590105757028,1
-1.87000000000018,2.024123661815284,1
-1.86000000000017,2.0156726303681407,1
-1.85000000000018,2.007237166313779,1
-1.84000000000018,1.9988174261070721,1
-1.83000000000018,1.9904135677753239,1
-1.82000000000018,1.9820257509340315,1
-1.81000000000018,1.9736541368028546,1
-1.80000000000018,1.9652988882217368,1
-1.79000000000018,1.9569601696671906,1
-1.78000000000018,1.9486381472687453,1
-1.77000000000018,1.940332988825559,1
-1.76000000000018,1.9320448638231995,1
-1.75000000000018,1.9237739434505938,1
-1.74000000000018,1.9155204006171453,1
-1.73000000000018,1.907284409970026,1
-1.72000000000018,1.899066147911641,1
-1.71000000000018,1.8908657926172696,1
-1.70000000000018,1.8826835240528819,1
-1.69000000000018,1.874519523993136,1
-1.68000000000018,1.8663739760395563,1
-1.67000000000018,1.858247065638893,1
-1.66000000000018,1.8501389801016663,1
-1.65000000000018,1.8420499086208995,1
-1.64000000000018,1.833980042291037,1
-1.63000000000018,1.825929574127054,1
-1.62000000000018,1.8178986990837591,1
-1.61000000000018,1.8098876140752884,1
-1.60000000000018,1.801896517994799,1
-1.59000000000018,1.7939256117343567,1
-1.58000000000018,1.7859750982050264,1
-1.57000000000018,1.778045182357163,1
-1.56000000000018,1.7701360712009069,1
-1.55000000000018,1.7622479738268848,1
-1.54000000000018,1.7543811014271193,1
-1.53000000000018,1.7465356673161483,1
-1.52000000000018,1.7387118869523555,1
-1.51000000000018,1.7309099779595185,1
-1.50000000000018,1.7231301601485698,1
-1.49000000000018,1.7153726555395783,1
-1.48000000000018,1.7076376883839517,1
-1.47000000000018,1.6999254851868626,1
-1.46000000000018,1.6922362747298971,1
-1.45000000000018,1.6845702880939355,1
-1.44000000000018,1.676927758682259,1
-1.43000000000018,1.6693089222438915,1
-1.42000000000019,1.6617140168971805,1
-1.41000000000018,1.6541432831535732,1
-1.40000000000019,1.6465969639417497,1
-1.39000000000018,1.6390753046318034,1
-1.38000000000019,1.6315785530598987,1
-1.37000000000019,1.624106959552942,1
-1.36000000000019,1.6166607769536971,1
-1.35000000000019,1.609240260646032,1
-1.34000000000019,1.601845668580466,1
-1.33000000000019,1.5944772612999636,1
-1.32000000000019,1.5871353019659895,1
-1.31000000000019,1.5798200563848255,1
-1.30000000000019,1.5725317930341507,1
-1.29000000000019,1.5652707830898902,1
-1.28000000000019,1.5580373004533314,1
-1.27000000000019,1.5508316217785165,1
-1.26000000000019,1.5436540264999066,1
-1.25000000000019,1.5365047968603256,1
-1.24000000000019,1.5293842179391857,1
-1.23000000000019,1.522292577680994,1
-1.22000000000019,1.5152301669241481,1
-1.21000000000019,1.5081972794300207,1
-1.20000000000019,1.501194211912335,1
-1.19000000000019,1.4942212640668362,1
-1.18000000000019,1.487278738601263,1
-1.17000000000019,1.480366941265616,1
-1.16000000000019,1.4734861808827358,1
-1.15000000000019,1.466636769379183,1
-1.14000000000019,1.459819021816433,1
-1.13000000000019,1.4530332564223816,1
-1.12000000000019,1.4462797946231674,1
-1.11000000000019,1.4395589610753163,1
-1.10000000000019,1.4328710836982061,1
-1.09000000000019,1.4262164937068595,1
-1.08000000000019,1.4195955256450645,1
-1.07000000000019,1.4130085174188314,1
-1.06000000000019,1.4064558103301814,1
-1.05000000000019,1.3999377491112788,1
-1.04000000000019,1.393454681958903,1
-1.03000000000019,1.3870069605692696,1
-1.02000000000019,1.3805949401731998,1
-1.01000000000019,1.3742189795716442,1
-1.00000000000019,1.3678794411715625,1
-0.99000000000019,1.3615766910221652,1
-0.98000000000019,1.3553110988515182,1
-0.97000000000019,1.3490830381035168,1
-0.96000000000019,1.3428928859752292,1
-0.95000000000019,1.3367410234546178,1
-0.94000000000019,1.330627835358637,1
-0.9300000000002,1.3245537103717222,1
-0.9200000000002,1.3185190410846346,1
-0.9100000000002,1.3125242240337553,1
-0.9000000000002,1.3065696597407177,1
-0.8900000000002,1.3006557527524634,1
-0.8800000000002,1.2947829116816985,1
-0.8700000000002,1.2889515492477552,1
-0.8600000000002,1.2831620823178642,1
-0.8500000000002,1.2774149319488413,1
-0.8400000000002,1.2717105234291934,1
-0.8300000000002,1.2660492863216484,1
-0.8200000000002,1.2604316545061112,1
-0.8100000000002,1.2548580662230522,1
-0.8000000000002,1.2493289641173317,1
-0.7900000000002,1.243844795282465,1
-0.7800000000002,1.238406011305332,1
-0.7700000000002,1.2330130683113354,1
-0.7600000000002,1.2276664270100157,1
-0.7500000000002,1.2223665527411203,1
-0.7400000000002,1.217113915521139,1
-0.7300000000002,1.211908990090306,1
-0.7200000000002,1.2067522559600743,1
-0.7100000000002,1.2016441974610668,1
-0.7000000000002,1.1965853037915102,1
-0.6900000000002,1.1915760690661552,1
-0.6800000000002,1.1866169923656882,1
-0.6700000000002,1.1817085777866403,1
-0.6600000000002,1.176851334491796,1
-0.6500000000002,1.1720457767611117,1
-0.6400000000002,1.167292424043143,1
-0.6300000000002,1.1625918010069907,1
-0.6200000000002,1.1579444375947667,1
-0.6100000000002,1.153350869074591,1
-0.6000000000002,1.1488116360941167,1
-0.5900000000002,1.1443272847345962,1
-0.5800000000002,1.13989836656549,1
-0.5700000000002,1.135525438699624,1
-0.5600000000002,1.1312090638489005,1
-0.5500000000002,1.1269498103805713,1
-0.5400000000002,1.1227482523740733,1
-0.5300000000002,1.1186049696784375,1
-0.5200000000002,1.1145205479702756,1
-0.5100000000002,1.1104955788123458,1
-0.5000000000002,1.1065306597127123,1
-0.4900000000002,1.1026263941844936,1
-0.4800000000002,1.098783391806217,1
-0.4700000000002,1.0950022682827758,1
-0.46000000000021,1.0912836455070034,1
-0.45000000000021,1.0876281516218493,1
-0.44000000000021,1.084036421083216,1
-0.43000000000021,1.08050909472339,1
-0.42000000000021,1.0770468198151288,1
-0.41000000000021,1.07365025013639,1
-0.40000000000021,1.0703200460357085,1
-0.39000000000021,1.0670568744982325,1
-0.38000000000021,1.0638614092124223,1
-0.37000000000021,1.0607343306374195,1
-0.36000000000021,1.0576763260710946,1
-0.35000000000021,1.0546880897187754,1
-0.34000000000021,1.0517703227626702,1
-0.33000000000021,1.0489237334319852,1
-0.32000000000021,1.0461490370737483,1
-0.31000000000021,1.0434469562243454,1
-0.30000000000021,1.0408182206817722,1
-0.29000000000021,1.038263567578618,1
-0.28000000000021,1.0357837414557767,1
-0.27000000000021,1.0333794943369028,1
-0.26000000000021,1.0310515858036144,1
-0.25000000000021,1.0288007830714514,1
-0.24000000000021,1.0266278610665982,1
-0.23000000000021,1.024533602503377,1
-0.22000000000021,1.0225187979625199,1
-0.21000000000021,1.0205842459702268,1
-0.20000000000021,1.01873075307802,1
-0.19000000000021,1.0169591339433985,1
-0.18000000000021,1.0152702114113066,1
-0.17000000000021,1.0136648165964166,1
-0.16000000000021,1.0121437889662424,1
-0.15000000000021,1.010707976425087,1
-0.14000000000021,1.0093582353988333,1
-0.13000000000021,1.008095430920587,1
-0.12000000000021,1.0069204367171813,1
-0.11000000000021,1.00583413529655,1
-0.10000000000021,1.0048374180359796,1
-0.0900000000002099,1.0039311852712463,1
-0.0800000000002101,1.003116346386652,1
-0.0700000000002099,1.0023938199059623,1
-0.0600000000002101,1.0017645335842609,1
-0.0500000000002099,1.0012294245007243,1
-0.0400000000002101,1.0007894391523315,1
-0.0300000000002099,1.0004455335485143,1
-0.0200000000002101,1.0001986733067596,1
-0.0100000000002098,1.0000498337491701,1
-2.1005419625908e-13,1.0,1
0.00999999999977996,1.000050167084166,1
0.0199999999997802,1.0002013400267513,1
0.02999999999978,1.0004545339535102,1
0.0399999999997802,1.0008107741923793,1
0.04999999999978,1.0012710963760127,1
0.0599999999997802,1.001836546545346,1
0.06999999999978,1.0025081812542005,1
0.0799999999997802,1.0032870676749401,1
0.08999999999978,1.0041742837051897,1
0.0999999999997798,1.0051709180756245,1
0.10999999999978,1.0062780704588457,1
0.11999999999978,1.0074968515793477,1
0.12999999999978,1.0088283833245912,1
0.13999999999978,1.0102737988571941,1
0.14999999999978,1.0118342427282474,1
0.15999999999978,1.013510870991772,1
0.16999999999978,1.0153048513203249,1
0.17999999999978,1.017217363121767,1
0.18999999999978,1.0192495976572054,1
0.19999999999978,1.0214027581601213,1
0.20999999999978,1.023678059956692,1
0.21999999999978,1.0260767305873268,1
0.22999999999978,1.028600009929421,1
0.23999999999978,1.031249150321345,1
0.24999999999978,1.034025416687679,1
0.25999999999978,1.0369300866657065,1
0.26999999999978,1.0399644507331793,1
0.27999999999978,1.0431298123373658,1
0.28999999999978,1.046427488025398,1
0.29999999999978,1.049858807575926,1
0.30999999999978,1.0534251141320978,1
0.31999999999978,1.057127764335874,1
0.32999999999978,1.0609681284636943,1
0.33999999999978,1.0649475905635046,1
0.34999999999978,1.0690675485931649,1
0.35999999999978,1.0733294145602448,1
0.36999999999978,1.0777346146632258,1
0.37999999999978,1.0822845894341229,1
0.38999999999978,1.0869807938825375,1
0.39999999999978,1.091824697641162,1
0.40999999999978,1.096817785112742,1
0.41999999999978,1.101961555618519,1
0.42999999999978,1.1072575235481632,1
0.43999999999978,1.1127072185112143,1
0.44999999999978,1.1183121854900437,1
0.45999999999978,1.1240739849943533,1
0.46999999999978,1.1299941932172284,1
0.47999999999977,1.1360744021927518,1
0.48999999999977,1.1423162199552337,1
0.49999999999977,1.148721270699979,1
0.50999999999977,1.1552911949457332,1
0.51999999999977,1.1620276496987294,1
0.52999999999977,1.1689323086183898,1
0.53999999999977,1.1760068621846937,1
0.54999999999977,1.1832530178672267,1
0.55999999999977,1.1906725002959284,1
0.56999999999977,1.1982670514335585,1
0.57999999999977,1.2060384307498926,1
0.58999999999977,1.213988415397672,1
0.59999999999977,1.2221188003903198,1
0.60999999999977,1.2304313987814441,1
0.61999999999977,1.2389280418461444,1
0.62999999999977,1.2476105792641414,1
0.63999999999977,1.2564808793047453,1
0.64999999999977,1.2655408290136854,1
0.65999999999977,1.2747923344018166,1
0.66999999999977,1.2842373206357198,1
0.67999999999977,1.2938777322302237,1
0.68999999999977,1.3037155332428538,1
0.69999999999977,1.3137527074702433,1
0.70999999999977,1.323991258646513,1
0.71999999999977,1.334433210643645,1
0.72999999999977,1.3450806076738755,1
0.73999999999977,1.3559355144941125,1
0.74999999999977,1.3670000166124177,1
0.75999999999977,1.3782762204965568,1
0.76999999999977,1.3897662537846482,1
0.77999999999977,1.4014722654979292,1
0.78999999999977,1.4133964262556598,1
0.79999999999977,1.4255409284921858,1
0.80999999999977,1.4379079866761844,1
0.81999999999977,1.4504998375321134,1
0.82999999999977,1.4633187402638854,1
0.83999999999977,1.476366976780789,1
0.84999999999977,1.489646851925683,1
0.85999999999977,1.5031606937054813,1
0.86999999999977,1.5169108535239575,1
0.87999999999977,1.5308997064168852,1
0.88999999999977,1.5451296512895443,1
0.89999999999977,1.5596031111566142,1
0.90999999999977,1.5743225333844753,1
0.91999999999977,1.5892903899359507,1
0.92999999999977,1.6045091776175018,1
0.93999999999976,1.619981418328897,1
0.94999999999976,1.6357096593154656,1
0.95999999999976,1.651696473422731,1
0.96999999999976,1.6679444593537598,1
0.97999999999976,1.6844562419290174,1
0.98999999999976,1.7012344723488564,1
0.99999999999976,1.7182818284586328,1
1.00999999999976,1.7356010150164973,1
1.01999999999976,1.7531947639638725,1
1.02999999999976,1.7710658346986468,1
1.03999999999976,1.7892170143511203,1
1.04999999999976,1.8076511180627182,1
1.05999999999976,1.8263709892675057,1
1.06999999999976,1.845379499976537,1
1.07999999999976,1.8646795510650571,1
1.08999999999976,1.8842740725625915,1
1.09999999999976,1.9041660239459521,1
1.10999999999976,1.9243583944351874,1
1.11999999999976,1.9448542032925065,1
1.12999999999976,1.9656565001242088,1
1.13999999999976,1.9867683651856456,1
1.14999999999976,2.00819290968925,1
1.15999999999976,2.029933276115659,1
1.16999999999976,2.0519926385279668,1
1.17999999999976,2.0743742028891297,1
1.18999999999976,2.097081207382569,1
1.19999999999976,2.1201169227359906,1
1.20999999999976,2.1434846525484588,1
1.21999999999976,2.1671877336207617,1
1.22999999999976,2.191229536289092,1
1.23999999999976,2.215613464762086,1
1.24999999999976,2.2403429574612437,1
1.25999999999976,2.265421487364776,1
1.26999999999976,2.290852562354906,1
1.27999999999976,2.3166397255686584,1
1.28999999999976,2.342786555752177,1
1.29999999999976,2.369296667618604,1
1.30999999999976,2.3961737122095492,1
1.31999999999976,2.4234213772602042,1
1.32999999999976,2.451043387568113,1
1.33999999999976,2.4790435053656594,1
1.34999999999976,2.507425530696289,1
1.35999999999976,2.5361933017945195,1
1.36999999999976,2.5653506954697685,1
1.37999999999976,2.594901627494034,1
1.38999999999976,2.6248500529934784,1
1.39999999999976,2.655199966843942,1
1.40999999999975,2.685955404070402,1
1.41999999999975,2.7171204402506084,1
1.42999999999975,2.7486991919224506,1
1.43999999999975,2.780695816995747,1
1.44999999999975,2.8131145151680013,1
1.45999999999975,2.845959528344379,1
1.46999999999975,2.879235141061903,1
1.47999999999975,2.9129456809179084,1
1.48999999999975,2.947095519002805,1
1.49999999999975,2.9816890703371945,1
1.50999999999975,3.0167307943133705,1
1.51999999999975,3.052225195141266,1
1.52999999999975,3.088176822298877,1
1.53999999999975,3.1245902709872095,1
1.54999999999975,3.161470182589813,1
1.55999999999975,3.198821245136915,1
1.56999999999975,3.2366481937742266,1
1.57999999999975,3.27495581123647,1
1.58999999999975,3.313748928325646,1
1.59999999999975,3.3530324243941267,1
1.60999999999975,3.3928112278325875,1
1.61999999999975,3.4330903165628546,1
1.62999999999975,3.4738747185356997,1
1.63999999999975,3.5151695122336424,1
1.6499999999997499,3.5569798271787967,1
1.65999999999975,3.5993108444458333,1
1.66999999999975,3.6421677971800883,1
1.67999999999975,3.685555971120883,1
1.68999999999975,3.7294807051301007,1
1.69999999999975,3.7739473917260815,1
1.70999999999975,3.8189614776228713,1
1.71999999999975,3.8645284642749074,1
1.72999999999975,3.91065390842716,1
1.73999999999975,3.9573434226708164,1
1.74999999999975,4.0046026760045415,1
1.75999999999975,4.052437394401386,1
1.76999999999975,4.100853361381383,1
1.77999999999975,4.149856418589914,1
1.78999999999975,4.1994524663818655,1
1.79999999999975,4.249647464411684,1
1.80999999999975,4.3004474322293325,1
1.81999999999975,4.35185844988226,1
1.82999999999975,4.403886658523408,1
1.83999999999975,4.456538261025333,1
1.84999999999975,4.509819522600492,1
1.85999999999975,4.563736771427779,1
1.86999999999975,4.61829639928534,1
1.87999999999974,4.673504862189706,1
1.88999999999974,4.729368681041617,1
1.89999999999974,4.78589444227779,1
1.90999999999974,4.843088798529791,1
1.91999999999974,4.900958469289236,1
1.92999999999974,4.9595102415797605,1
1.93999999999974,5.018750970635722,1
1.94999999999974,5.078687580587726,1
1.95999999999974,5.1393270651550464,1
1.96999999999974,5.2006764883450085,1
1.97999999999974,5.262742985159389,1
1.98999999999974,5.325533762307924,1
1.99999999999974,5.3890560989289895,1
2.00999999999974,5.453317347317514,2
2.01999999999974,5.518324933660221,2
2.02999999999974,5.584086358778255,2
2.03999999999974,5.650609198877257,2
2.04999999999974,5.717901106305012,2
2.05999999999974,5.785969810316667,2
2.06999999999974,5.854823117847688,2
2.07999999999974,5.92446891429453,2
2.08999999999974,5.994915164303219,2
2.09999999999974,6.066169912565785,2
2.10999999999974,6.138241284624778,2
2.11999999999974,6.211137487685784,2
2.12999999999974,6.284866811438203,2
2.13999999999974,6.359437628884173,2
2.14999999999974,6.4348583971759235,2
2.15999999999974,6.51113765846146,2
2.16999999999974,6.588284040738818,2
2.17999999999974,6.666306258718841,2
2.18999999999974,6.745213114696687,2
2.19999999999974,6.825013499432034,2
2.20999999999974,6.9057163930381975,2
2.21999999999974,6.987330865880118,2
2.22999999999974,7.06986607948143,2
2.23999999999974,7.1533312874406,2
2.24999999999974,7.23773583635632,2
2.25999999999974,7.323089166762145,2
2.26999999999974,7.409400814070581,2
2.27999999999974,7.496680409526624,2
2.28999999999974,7.584937681170874,2
2.29999999999974,7.674182454812389,2
2.30999999999974,7.764424655011226,2
2.31999999999974,7.8556743060709495,2
2.32999999999974,7.947941533041035,2
2.33999999999974,8.041236562729406,2
2.34999999999973,8.135569724725014,2
2.35999999999973,8.23095145243119,2
2.36999999999973,8.327392284108434,2
2.37999999999973,8.424902863928612,2
2.38999999999973,8.523493943039298,2
2.39999999999973,8.623176380638894,2
2.40999999999973,8.72396114506257,2
2.41999999999973,8.825859314879079,2
2.42999999999973,8.928882079998662,2
2.43999999999973,9.033040742792005,2
2.44999999999973,9.138346719220532,2
2.45999999999973,9.244811539977963,2
2.46999999999973,9.35244685164344,2
2.47999999999973,9.461264417846149,2
2.48999999999973,9.571276120441734,2
2.49999999999973,9.682493960700453,2
2.50999999999973,9.794930060507356,2
2.51999999999973,9.908596663574459,2
2.52999999999973,10.02350613666511,2
2.53999999999973,10.139670970830721,2
2.54999999999973,10.257103782659843,2
2.55999999999973,10.375817315539853,2
2.56999999999973,10.495824440931298,2
2.57999999999973,10.617138159655065,2
2.58999999999973,10.739771603192443,2
2.59999999999973,10.863738034998327,2
2.60999999999973,10.989050851827523,2
2.61999999999973,11.115723585074488,2
2.62999999999973,11.243769902126427,2
2.63999999999973,11.373203607730101,2
2.64999999999973,11.50403864537225,2
2.65999999999973,11.636289098674013,2
2.66999999999973,11.769969192799252,2
2.67999999999973,11.905093295877125,2
2.68999999999973,12.041675920438863,2
2.69999999999973,12.17973172486909,2
2.70999999999973,12.319275514871613,2
2.71999999999973,12.460322244950069,2
2.72999999999973,12.602887019903324,2
2.73999999999973,12.746985096336026,2
2.74999999999973,12.892631884184217,2
2.75999999999973,13.039842948256398,2
2.76999999999973,13.18863400978999,2
2.77999999999973,13.339020948023462,2
2.78999999999973,13.491019801784304,2
2.79999999999973,13.644646771092876,2
2.80999999999973,13.799918218782485,2
2.81999999999972,13.956850672135456,2
2.82999999999972,14.11546082453655,2
2.83999999999972,14.275765537141368,2
2.84999999999972,14.437781840563076,2
2.85999999999972,14.601526936575384,2
2.86999999999972,14.767018199832659,2
2.87999999999972,14.934273179607493,2
2.88999999999972,15.103309601545554,2
2.89999999999972,15.274145369438253,2
2.90999999999972,15.446798567013062,2
2.91999999999972,15.62128745974196,2
2.92999999999972,15.797630496667953,2
2.93999999999972,15.975846312250027,2
2.94999999999972,16.155953728226578,2
2.95999999999972,16.337971755497637,2
2.96999999999972,16.52191959602594,2
2.97999999999972,16.707816644757173,2
2.98999999999972,16.895682491559437,2
2.99999999999972,17.08553692318232,2
3.00999999999972,17.277399925235528,2
3.01999999999972,17.47129168418748,2
3.02999999999972,17.66723258938399,2
3.03999999999972,17.86524323508718,2
3.04999999999972,18.06534442253498,2
3.05999999999972,18.267557162021205,2
3.06999999999972,18.471902674996667,2
3.07999999999972,18.67840239619126,2
3.08999999999972,18.88707797575755,2
3.09999999999972,19.097951281435694,2
3.10999999999972,19.31104440074035,2
3.11999999999972,19.52637964316933,2
3.12999999999972,19.743979542434687,2
3.13999999999972,19.963866858715992,2
3.14999999999972,20.18606458093646,2
3.15999999999972,20.410595929061802,2
3.16999999999972,20.637484356422288,2
3.17999999999972,20.866753552058043,2
3.18999999999972,21.09842744308804,2
3.19999999999972,21.33253019710276,2
3.20999999999972,21.569086224581042,2
3.21999999999972,21.808120181331084,2
3.22999999999972,22.0496569709561,2
3.23999999999972,22.29372174734465,2
3.24999999999972,22.540339917186117,2
3.25999999999972,22.78953714251133,2
3.26999999999972,23.0413393432588,2
3.27999999999972,23.2957726998668,2
3.28999999999971,23.55286365589107,2
3.29999999999971,23.81263892065031,2
3.30999999999971,24.075125471895568,2
3.31999999999971,24.340350558509016,2
3.32999999999971,24.608341703228696,2
3.33999999999971,24.87912670540072,2
3.34999999999971,25.152733643759305,2
3.35999999999971,25.429190879234618,2
3.36999999999971,25.708527057788935,2
3.37999999999971,25.990771113281205,2
3.38999999999971,26.275952270360545,2
3.39999999999971,26.56410004738861,2
3.40999999999971,26.8552442593916,2
3.41999999999971,27.149415021041634,2
3.42999999999971,27.446642749668385,2
3.43999999999971,27.746958168300708,2
3.44999999999971,28.05039230873909,2
3.45999999999971,28.356976514658754,2
3.46999999999971,28.666742444744127,2
3.47999999999971,28.979722075854678,2
3.48999999999971,29.295947706222663,2
3.49999999999971,29.615451958683003,2
3.50999999999971,29.938267783935498,2
3.51999999999971,30.264428463840048,2
3.52999999999971,30.593967614744756,2
3.53999999999971,30.92691919084768,2
3.54999999999971,31.263317487592207,2
3.55999999999971,31.603197145096708,2
3.56999999999971,31.94659315161846,2
3.57999999999971,32.293540847052654,2
3.58999999999971,32.64407592646624,2
3.59999999999971,32.99823444366767,2
3.60999999999971,33.356052814812074,2
3.61999999999971,33.717567822043115,2
3.62999999999971,34.0828166171711,2
3.63999999999971,34.45183672538826,2
3.64999999999971,34.82466604902125,2
3.65999999999971,35.201342871321486,2
3.66999999999971,35.5819058602934,2
3.67999999999971,35.9663940725614,2
3.68999999999971,36.3548469572754,2
3.69999999999971,36.747304360055956,2
3.70999999999971,37.14380652697871,2
3.71999999999971,37.54439410859913,2
3.72999999999971,37.949108164017495,2
3.73999999999971,38.35799016498497,2
3.74999999999971,38.77108200005075,2
3.7599999999997,39.188425978750445,2
3.7699999999997,39.6100648358389,2
3.7799999999997,40.03604173556112,2
3.7899999999997,40.466400275970386,2
3.7999999999997,40.901184493287715,2
3.8099999999997,41.34043886630547,2
3.8199999999997,41.784208320835354,2
3.8299999999997,42.23253823420095,2
3.8399999999997,42.68547443977556,2
3.8499999999997,43.14306323156548,2
3.8599999999997,43.60535136883959,2
3.8699999999997,44.07238608080517,2
3.8799999999997,44.54421507133096,2
3.8899999999997,45.02088652371751,2
3.8999999999997,45.50244910551566,2
3.9099999999997,45.98895197339319,2
3.9199999999997,46.480444778050675,2
3.9299999999997,46.976977669186454,2
3.9399999999997,47.478601300511805,2
3.9499999999997,47.985366834816155,2
3.9599999999997,48.497325949083624,2
3.9699999999997,49.014530839660566,2
3.9799999999997,49.53703422747542,2
3.9899999999997,50.06488936331067,2
3.9999999999997,50.59815003312815,2
4.0099999999997,51.136870563447545,2
4.0199999999997,51.68110582677922,2
4.0299999999997,52.23091124711126,2
4.0399999999997,52.786342805452264,2
4.0499999999997,53.34745704542926,2
4.0599999999997,53.91431107894222,2
4.0699999999997,54.486962591875105,2
4.0799999999997,55.06546984986481,2
4.0899999999997,55.64989170412756,2
4.0999999999997,56.240287597344185,2
4.1099999999997,56.83671756960423,2
4.1199999999997,57.43924226441034,2
4.1299999999997,58.04792293474243,2
4.1399999999997,58.662821449183156,2
4.1499999999997,59.2840002981046,2
4.1599999999997,59.9115225999177,2
4.1699999999997,60.54545210738391,2
4.1799999999997,61.18585321399063,2
4.1899999999997,61.832790960390426,2
4.1999999999997,62.486331040905434,2
4.2099999999997,63.14653981009666,2
4.2199999999997,63.8134842893996,2
4.22999999999969,64.48723217382543,2
4.23999999999969,65.167851838734,2
4.24999999999969,65.85541234666644,2
4.25999999999969,66.54998345425491,2
4.26999999999969,67.25163561919734,2
4.27999999999969,67.9604400073033,2
4.28999999999969,68.6764684996105,2
4.29999999999969,69.39979369957325,2
4.30999999999969,70.13048894032266,2
4.31999999999969,70.86862829200011,2
4.32999999999969,71.61428656916411,2
4.33999999999969,72.36753933827212,2
4.34999999999969,73.12846292523712,2
4.35999999999969,73.89713442306034,2
4.36999999999969,74.67363169954027,2
4.37999999999969,75.45803340506006,2
4.38999999999969,76.2504189804523,2
4.39999999999969,77.05086866494321,2
4.40999999999969,77.8594635041765,2
4.41999999999969,78.67628535831831,2
4.42999999999969,79.5014169102431,2
4.43999999999969,80.33494167380208,2
4.44999999999969,81.17694400217435,2
4.45999999999969,82.02750909630288,2
4.46999999999969,82.88672301341423,2
4.47999999999969,83.75467267562439,2
4.48999999999969,84.63144587863135,2
4.49999999999969,85.51713130049423,2
4.50999999999969,86.41181851050166,2
4.51999999999969,87.3155979781286,2
4.52999999999969,88.22856108208332,2
4.53999999999969,89.15080011944524,2
4.54999999999969,90.08240831489505,2
4.55999999999969,91.02347983003692,2
4.56999999999969,91.97410977281505,2
4.57999999999969,92.9343942070241,2
4.58999999999969,93.9044301619161,2
4.59999999999969,94.88431564190324,2
4.60999999999969,95.87414963635855,2
4.61999999999969,96.87403212951448,2
4.62999999999969,97.88406411046199,2
4.63999999999969,98.90434758324923,2
4.64999999999969,99.93498557708212,2
4.65999999999969,100.97608215662709,2
4.66999999999969,102.02774243241807,2
4.67999999999969,103.09007257136736,2
4.68999999999969,104.16317980738259,2
4.69999999999968,105.24717245208869,2
4.70999999999968,106.34215990566399,2
4.71999999999968,107.44825266777363,2
4.72999999999968,108.56556234862391,2
4.73999999999968,109.69420168012233,2
4.74999999999968,110.83428452715103,2
4.75999999999968,111.98592589895289,2
4.76999999999968,113.14924196063323,2
4.77999999999968,114.32435004477601,2
4.78999999999968,115.51136866317732,2
4.79999999999968,116.71041751869632,2
4.80999999999968,117.92161751722622,2
4.81999999999968,119.14509077978452,2
4.82999999999968,120.38096065472548,2
4.83999999999968,121.62935173007465,2
4.84999999999968,122.89038984598828,2
4.85999999999968,124.16420210733722,2
4.86999999999968,125.4509168964175,2
4.87999999999968,126.75066388578844,2
4.88999999999968,128.06357405124055,2
4.89999999999968,129.38977968489277,2
4.90999999999968,130.72941440842217,2
4.91999999999968,132.0826131864255,2
4.92999999999968,133.44951233991668,2
4.93999999999968,134.8302495599585,2
4.94999999999968,136.22496392143205,2
4.95999999999968,137.6337958969438,2
4.96999999999968,139.05688737087382,2
4.97999999999968,140.49438165356372,2
4.98999999999968,141.94642349564805,2
4.99999999999968,143.41315910252945,2
5.00999999999968,144.89473614899907,2
5.01999999999968,146.3913037940046,2
5.02999999999968,147.90301269556605,2
5.03999999999968,149.43001502584178,2
5.04999999999968,150.97246448634542,2
5.05999999999968,152.53051632331682,2
5.06999999999968,154.1043273432464,2
5.07999999999968,155.69405592855622,2
5.08999999999968,157.29986205343755,2
5.09999999999968,158.92190729984955,2
5.10999999999968,160.56035487367694,2
5.11999999999968,162.2153696210509,2
5.12999999999968,163.88711804483344,2
5.13999999999968,165.57576832126855,2
5.14999999999968,167.28149031679936,2
5.15999999999968,169.00445560505543,2
5.16999999999967,170.74483748400766,2
5.17999999999967,172.50281099330618,2
5.18999999999967,174.27855293177353,2
5.19999999999967,176.07224187509163,2
5.20999999999967,177.884058193658,2
5.21999999999967,179.7141840706228,2
5.22999999999967,181.56280352010677,2
5.23999999999967,183.430102405604,2
5.24999999999967,185.31626845856738,2
5.25999999999967,187.2214912971825,2
5.26999999999967,189.145962445329,2
5.27999999999967,191.08987535173387,2
5.28999999999967,193.05342540931596,2
5.29999999999967,195.03680997472597,2
5.30999999999967,197.04022838808115,2
5.31999999999967,199.06388199290086,2
5.32999999999967,201.10797415624037,2
5.33999999999967,203.1727102890279,2
5.34999999999967,205.2582978666053,2
5.35999999999967,207.36494644947686,2
5.36999999999967,209.49286770426477,2
5.37999999999967,211.64227542487626,2
5.38999999999967,213.81338555388257,2
5.39999999999967,216.00641620411434,2
5.40999999999967,218.2215876804725,2
5.41999999999967,220.45912250195917,2
5.42999999999967,222.71924542392907,2
5.43999999999967,225.00218346056639,2
5.44999999999967,227.3081659075855,2
5.45999999999967,229.63742436516122,2
5.46999999999967,231.99019276108882,2
5.47999999999967,234.36670737417643,2
5.48999999999967,236.7672068578744,2
5.49999999999967,239.1919322641399,2
5.50999999999967,241.64112706754256,2
5.51999999999967,244.11503718961177,2
5.52999999999967,246.61391102342984,2
5.53999999999967,249.13799945847083,2
5.54999999999967,251.68755590569032,2
5.55999999999967,254.26283632286544,2
5.56999999999967,256.8640992401927,2
5.57999999999967,259.4916057861397,2
5.58999999999967,262.14561971355926,2
5.59999999999967,264.8264074260637,2
5.60999999999967,267.5342380046669,2
5.61999999999967,270.26938323469153,2
5.62999999999967,273.0321176329485,2
5.63999999999966,275.8227184751849,2
5.64999999999966,278.6414658238246,2
5.65999999999966,281.488642555957,2
5.66999999999966,284.3645343916363,2
5.67999999999966,287.26942992245137,2
5.68999999999966,290.20362064038375,2
5.69999999999966,293.16740096695895,2
5.70999999999966,296.1610682826879,2
5.71999999999966,299.1849229568051,2
5.72999999999966,302.2392683773066,2
5.73999999999966,305.3244109812875,2
5.74999999999966,308.4406602855877,2
5.75999999999966,311.58832891774284,2
5.76999999999966,314.7677326472479,2
5.77999999999966,317.97919041713305,2
5.78999999999966,321.2230243758601,2
5.79999999999966,324.4995599095366,2
5.80999999999966,327.80912567445483,2
5.81999999999966,331.1520536299571,2
5.82999999999966,334.52867907163335,2
5.83999999999966,337.9393406648499,2
5.84999999999966,341.38438047861695,2
5.85999999999966,344.8641440197946,2
5.86999999999966,348.37898026764526,2
5.87999999999966,351.9292417087312,2
5.88999999999966,355.51528437216365,2
5.89999999999966,359.1374678652051,2
5.90999999999966,362.7961554092319,2
5.91999999999966,366.4917138760558,2
5.92999999999966,370.22451382461185,2
5.93999999999966,373.99492953801314,2
5.94999999999966,377.8033390609817,2
5.95999999999966,381.6501242376519,2
5.96999999999966,385.5356707497553,2
5.97999999999966,389.4603681551899,2
5.98999999999966,393.4246099269744,2
5.99999999999966,397.42879349259823,2
6.00999999999966,401.4733202737631,2
6.01999999999966,405.5585957265263,2
6.02999999999966,409.68502938184497,2
6.03999999999966,413.85303488653227,2
6.04999999999966,418.06303004462023,2
6.05999999999966,422.31543685914176,2
6.06999999999966,426.61068157432953,2
6.07999999999966,430.9491947182432,2
6.08999999999966,435.3314111458208,2
6.09999999999965,439.7577700823611,2
6.10999999999965,444.2287151674637,2
6.11999999999965,448.7446944993662,2
6.12999999999965,453.30616067977377,2
6.13999999999965,457.9135708591141,2
6.14999999999965,462.5673867822533,2
6.15999999999965,467.2680748346695,2
6.16999999999965,472.0161060890938,2
6.17999999999965,476.8119563526168,2
6.18999999999965,481.6561062142697,2
6.19999999999965,486.54904109308427,2
6.20999999999965,491.49125128663326,2
6.21999999999965,496.4832320200633,2
6.22999999999965,501.52548349561613,2
6.23999999999965,506.6185109426499,2
6.24999999999965,511.7628246681611,2
6.25999999999965,516.9589401078179,2
6.26999999999965,522.2073778775026,2
6.27999999999965,527.5086638253749,2
6.28999999999965,532.8633290844547,2
6.29999999999965,538.2719101257387,2
6.30999999999965,543.7349488118468,2
6.31999999999965,549.252992451209,2
6.32999999999965,554.8265938527946,2
6.33999999999965,560.4563113813978,2
6.34999999999965,566.1427090134708,2
6.35999999999965,571.8863563935246,2
6.36999999999965,577.6878288910908,2
6.37999999999965,583.5477076582625,2
6.38999999999965,589.4665796878082,2
6.39999999999965,595.445037871872,2
6.40999999999965,601.4836810612617,2
6.41999999999965,607.5831141253371,2
6.42999999999965,613.7439480124962,2
6.43999999999965,619.9667998112698,2
6.44999999999965,626.2522928120325,2
6.45999999999965,632.6010565693294,2
6.46999999999965,639.013726964836,2
6.47999999999965,645.490946270944,2
6.48999999999965,652.0333632149906,2
6.49999999999965,658.6416330441294,2
6.50999999999965,665.3164175908591,2
6.51999999999965,672.0583853392052,2
6.52999999999965,678.8682114915697,2
6.53999999999965,685.7465780362497,2
6.54999999999965,692.6941738156409,2
6.55999999999965,699.711694595119,2
6.56999999999964,706.7998431326114,2
6.57999999999964,713.9593292489013,2
6.58999999999964,721.1908698985669,2
6.59999999999964,728.4951892417085,2
6.60999999999964,735.8730187163557,2
6.61999999999964,743.3250971116131,2
6.62999999999964,750.8521706415372,2
6.63999999999964,758.4549930197628,2
6.64999999999964,766.1343255348717,2
6.65999999999964,773.8909371265238,2
6.66999999999964,781.7256044623491,2
6.67999999999964,789.6391120156193,2
6.68999999999964,797.6322521436924,2
6.69999999999964,805.7058251672507,2
6.70999999999964,813.8606394503335,2
6.71999999999964,822.0975114811718,2
6.72999999999964,830.4172659538417,2
6.73999999999964,838.8207358507321,2
6.74999999999964,847.3087625258447,2
6.75999999999964,855.882195788927,2
6.76999999999964,864.5418939904592,2
6.77999999999964,873.288724107486,2
6.78999999999964,882.1235618303175,2
6.79999999999964,891.047291650095,2
6.80999999999964,900.060806947246,2
6.81999999999964,909.1650100808199,2
6.82999999999964,918.3608124787262,2
6.83999999999964,927.6491347288743,2
6.84999999999964,937.0309066712389,2
6.85999999999964,946.5070674908407,2
6.86999999999964,956.0785658116677,2
6.87999999999964,965.7463597915347,2
6.88999999999964,975.5114172179055,2
6.89999999999964,985.3747156046687,2
6.90999999999964,995.3372422898917,2
6.91999999999964,1005.3999945345516,2
6.92999999999964,1015.5639796222678,2
6.93999999999964,1025.8302149600272,2
6.94999999999964,1036.1997281799274,2
6.95999999999964,1046.673557241941,2
6.96999999999964,1057.2527505377086,2
6.97999999999964,1067.9383669953852,2
6.98999999999964,1078.7314761855296,2
6.99999999999964,1089.6331584280647,2
7.00999999999964,1100.6445049003053,2
7.01999999999964,1111.7666177460846,2
7.02999999999964,1123.0006101859635,2
7.03999999999963,1134.3476066285455,2
7.04999999999963,1145.8087427829619,2
7.05999999999963,1157.3851657723742,2
7.06999999999963,1169.0780342487383,2
7.07999999999963,1180.8885185086535,2
7.08999999999963,1192.8178006103979,2
7.09999999999963,1204.8670744921287,2
7.10999999999963,1217.0375460912849,2
7.11999999999963,1229.3304334651764,2
7.12999999999963,1241.7469669127943,2
7.13999999999963,1254.2883890978364,2
7.14999999999963,1266.9559551729824,2
7.15999999999963,1279.7509329054042,2
7.16999999999963,1292.674602803546,2
7.17999999999963,1305.7282582451764,2
7.18999999999963,1318.9132056067242,2
7.19999999999963,1332.2307643939223,2
7.20999999999963,1345.682267373756,2
7.21999999999963,1359.269060707742,2
7.22999999999963,1372.9925040865426,2
7.23999999999963,1386.8539708659407,2
7.24999999999963,1400.8548482041745,2
7.25999999999963,1414.9965372006545,2
7.26999999999963,1429.280453036071,2
7.27999999999963,1443.7080251139207,2
7.28999999999963,1458.280697203442,2
7.29999999999963,1472.9999275839982,2
7.30999999999963,1487.8671891908991,2
7.31999999999963,1502.883969762704,2
7.32999999999963,1518.0517719899929,2
7.33999999999963,1533.3721136656375,2
7.34999999999963,1548.8465278365786,2
7.35999999999963,1564.4765629571382,2
7.36999999999963,1580.2637830438614,2
7.37999999999963,1596.2097678319233,2
7.38999999999963,1612.3161129330958,2
7.39999999999963,1628.5844299953217,2
7.40999999999963,1645.0163468638716,2
7.41999999999963,1661.6135077441347,2
7.42999999999963,1678.3775733660395,2
7.43999999999963,1695.3102211501237,2
7.44999999999963,1712.4131453752861,2
7.45999999999963,1729.6880573482104,2
7.46999999999963,1747.1366855744989,2
7.47999999999963,1764.7607759315206,2
7.48999999999963,1782.5620918430077,2
7.49999999999963,1800.542414455394,2
7.50999999999962,1818.7035428159152,2
7.51999999999962,1837.0472940525867,2
7.52999999999962,1855.5755035558068,2
7.53999999999962,1874.290025161975,2
7.54999999999962,1893.1927313388567,2
7.55999999999962,1912.2855133728315,2
7.56999999999962,1931.5702815580182,2
7.57999999999962,1951.0489653873167,2
7.58999999999962,1970.72351374535,2
7.59999999999962,1990.5958951033597,2
7.60999999999962,2010.6680977160468,2
7.61999999999962,2030.9421298204095,2
7.62999999999962,2051.4200198365616,2
7.63999999999962,2072.1038165705804,2
7.64999999999962,2092.9955894193795,2
7.65999999999962,2114.0974285776647,2
7.66999999999962,2135.4114452469444,2
7.67999999999962,2156.9397718466557,2
7.68999999999962,2178.68456222741,2
7.69999999999962,2200.6479918863697,2
7.70999999999962,2222.8322581848142,2
7.71999999999962,2245.2395805678684,2
7.72999999999962,2267.8722007864544,2
7.73999999999962,2290.7323831214585,2
7.74999999999962,2313.8224146101747,2
7.75999999999962,2337.1446052750016,2
7.76999999999962,2360.7012883544526,2
7.77999999999962,2384.4948205364685,2
7.78999999999962,2408.527582194108,2
7.79999999999962,2432.801977623571,2
7.80999999999962,2457.320435284641,2
7.81999999999962,2482.085408043519,2
7.82999999999962,2507.0993734181293,2
7.83999999999962,2532.364833825863,2
7.84999999999962,2557.8843168338262,2
7.85999999999962,2583.660375411589,2
7.86999999999962,2609.695588186501,2
7.87999999999962,2635.9925597015435,2
7.88999999999962,2662.553920675793,2
7.89999999999963,2689.382328267511,2
7.90999999999963,2716.4804663397726,2
7.91999999999963,2743.8510457290017,2
7.92999999999963,2771.496804515956,2
7.93999999999963,2799.420508299556,2
7.94999999999963,2827.6249504734606,2
7.95999999999963,2856.1129525054,2
7.96999999999963,2884.8873642193275,2
7.97999999999963,2913.9510640803974,2
7.98999999999963,2943.3069594828257,2
7.99999999999963,2972.9579870406246,2
8.00999999999963,3002.90711288127,2
8.01999999999963,3033.157332942307,2
8.02999999999963,3063.711673270961,2
8.03999999999963,3094.573190326736,2
8.04999999999963,3125.7449712870625,2
8.05999999999963,3157.2301343560225,2
8.06999999999963,3189.0318290761743,2
8.07999999999963,3221.1532366434885,2
8.08999999999963,3253.5975702255037,2
8.09999999999963,3286.3680752826235,2
8.10999999999963,3319.4680298926705,2
8.11999999999963,3352.900745078698,2
8.12999999999963,3386.6695651400933,2
8.13999999999963,3420.7778679870116,2
8.14999999999963,3455.2290654781755,2
8.15999999999963,3490.02660376204,2
8.16999999999963,3525.1739636214465,2
8.17999999999963,3560.6746608216777,2
8.18999999999963,3596.5322464620467,2
8.19999999999963,3632.750307331007,2
8.20999999999963,3669.332466264836,2
8.21999999999963,3706.2823825099204,2
8.22999999999963,3743.603752088685,2
8.23999999999963,3781.3003081692027,2
8.24999999999963,3819.3758214384925,2
8.25999999999963,3857.8341004796243,2
8.26999999999963,3896.67899215256,2
8.27999999999963,3935.914381978846,2
8.28999999999963,3975.54419453017,2
8.29999999999963,4015.572393820819,2
8.30999999999963,4056.002983704089,2
8.31999999999963,4096.840008272675,2
8.32999999999963,4138.087552263059,2
8.33999999999963,4179.749741464029,2
8.34999999999963,4221.830743129232,2
8.35999999999963,4264.33476639391,2
8.36999999999963,4307.266062695818,2
8.37999999999963,4350.628926200372,2
8.38999999999963,4394.427694230065,2
8.39999999999963,4438.666747698215,2
8.40999999999963,4483.350511547029,2
8.41999999999963,4528.483455190143,2
8.42999999999963,4574.070092959543,2
8.43999999999963,4620.114984557001,2
8.44999999999963,4666.622735510056,2
8.45999999999963,4713.59799763257,2
8.46999999999963,4761.045469489909,2
8.47999999999963,4808.969896868806,2
8.48999999999963,4857.376073251953,2
8.49999999999963,4906.268840297318,2
8.50999999999963,4955.653088322369,2
8.51999999999963,5005.533756793067,2
8.52999999999963,5055.915834817837,2
8.53999999999963,5106.804361646474,2
8.54999999999963,5158.204427174077,2
8.55999999999963,5210.121172450041,2
8.56999999999963,5262.559790192174,2
8.57999999999963,5315.5255253059395,2
8.58999999999963,5369.023675409006,2
8.59999999999963,5423.059591360972,2
8.60999999999963,5477.638677798473,2
8.61999999999963,5532.766393675642,2
8.62999999999963,5588.448252810017,2
8.63999999999963,5644.68982443392,2
8.64999999999963,5701.4967337514,2
8.65999999999963,5758.874662500716,2
8.66999999999963,5816.829349522578,2
8.67999999999963,5875.366591333992,2
8.68999999999963,5934.492242707926,2
8.69999999999963,5994.2122172588,2
8.70999999999963,6054.532488033843,2
8.71999999999963,6115.4590881104095,2
8.72999999999963,6176.998111199286,2
8.73999999999963,6239.1557122540835,2
8.74999999999963,6301.938108086692,2
8.75999999999963,6365.351577989035,2
8.76999999999963,6429.402464360954,2
8.77999999999963,6494.097173344469,2
8.78999999999963,6559.442175464403,2
8.79999999999963,6625.4440062754275,2
8.80999999999963,6692.109267015634,2
8.81999999999963,6759.444625266673,2
8.82999999999963,6827.456815620465,2
8.83999999999963,6896.152640352745,2
8.84999999999963,6965.53897010324,2
8.85999999999963,7035.622744562755,2
8.86999999999963,7106.410973167147,2
8.87999999999963,7177.9107357982775,2
8.88999999999963,7250.129183492,2
8.89999999999963,7323.073539153287,2
8.90999999999963,7396.751098278474,2
8.91999999999963,7471.169229684895,2
8.92999999999963,7546.335376247714,2
8.93999999999963,7622.257055644231,2
8.94999999999963,7698.941861105664,2
8.95999999999963,7776.397462176474,2
8.96999999999963,7854.631605481321,2
8.97999999999963,7933.652115499738,2
8.98999999999963,8013.4668953486025,2
8.99999999999963,8094.08392757239,2
9.00999999999963,8175.511274941528,2
9.01999999999963,8257.757081258616,2
9.02999999999963,8340.829572172835,2
9.03999999999963,8424.73705600251,2
9.04999999999963,8509.487924565958,2
9.05999999999963,8595.090654020665,2
9.06999999999963,8681.55380571094,2
9.07999999999963,8768.886027023982,2
9.08999999999963,8857.096052254721,2
9.09999999999963,8946.192703479199,2
9.10999999999963,9036.184891436797,2
9.11999999999963,9127.081616421305,2
9.12999999999963,9218.891969180984,2
9.13999999999963,9311.625131827625,2
9.14999999999963,9405.290378754793,2
9.15999999999963,9499.897077565216,2
9.16999999999963,9595.454690007635,2
9.17999999999963,9691.972772922934,2
9.18999999999963,9789.460979199848,2
9.19999999999963,9887.929058740254,2
9.20999999999963,9987.386859434166,2
9.21999999999963,10087.844328144545,2
9.22999999999963,10189.31151170199,2
9.23999999999963,10291.798557909435,2
9.24999999999963,10395.31571655688,2
9.25999999999963,10499.87334044648,2
9.26999999999963,10605.481886427766,2
9.27999999999963,10712.151916443352,2
9.28999999999963,10819.894098585137,2
9.29999999999963,10928.719208161132,2
9.30999999999963,11038.638128772987,2
9.31999999999963,11149.661853404396,2
9.32999999999963,11261.801485520306,2
9.33999999999963,11375.06824017741,2
9.34999999999963,11489.47344514557,2
9.35999999999963,11605.02854204063,2
9.36999999999963,11721.745087468584,2
9.37999999999963,11839.634754181245,2
9.38999999999963,11958.709332243536,2
9.39999999999963,12078.980730212523,2
9.40999999999963,12200.460976328193,2
9.41999999999963,12323.162219716423,2
9.42999999999963,12447.09673160381,2
9.43999999999963,12572.276906544832,2
9.44999999999963,12698.715263661308,2
9.45999999999963,12826.424447894322,2
9.46999999999963,12955.417231268731,2
9.47999999999963,13085.706514170375,2
9.48999999999963,13217.305326636153,2
9.49999999999963,13350.226829656936,2
9.50999999999963,13484.484316493828,2
9.51999999999963,13620.091214007402,2
9.52999999999963,13757.061084000426,2
9.53999999999963,13895.407624574045,2
9.54999999999963,14035.144671497617,2
9.55999999999963,14176.286199592289,2
9.56999999999963,14318.846324128524,2
9.57999999999963,14462.839302237533,2
9.58999999999963,14608.279534337156,2
9.59999999999963,14755.181565571811,2
9.60999999999963,14903.560087267051,2
9.61999999999953,15053.429938397201,2
9.62999999999953,15204.806107075256,2
9.63999999999953,15357.703732042759,2
9.64999999999953,15512.138104189627,2
9.65999999999953,15668.124668081782,2
9.66999999999953,15825.679023505609,2
9.67999999999953,15984.816927027981,2
9.68999999999953,16145.554293571824,2
9.69999999999953,16307.90719800777,2
9.70999999999953,16471.89187676157,2
9.71999999999953,16637.52472943775,2
9.72999999999953,16804.822320459636,2
9.73999999999953,16973.80138072574,2
9.74999999999953,17144.47880928291,2
9.75999999999953,17316.871675016282,2
9.76999999999953,17490.997218356028,2
9.77999999999953,17666.872853001634,2
9.78999999999953,17844.516167663132,2
9.79999999999953,18023.944927820037,2
9.80999999999953,18205.17707749789,2
9.81999999999953,18388.230741062704,2
9.82999999999953,18573.12422503338,2
9.83999999999953,18759.876019912408,2
9.84999999999953,18948.504802034946,2
9.85999999999953,19139.029435436332,2
9.86999999999953,19331.468973738723,2
9.87999999999953,19525.842662056322,2
9.88999999999953,19722.169938919957,2
9.89999999999953,19920.470438220917,2
9.90999999999953,20120.763991174394,2
9.91999999999953,20323.070628302612,2
9.92999999999953,20527.410581437904,2
9.93999999999953,20733.804285745817,2
9.94999999999953,20942.272381768813,2
9.95999999999953,21152.835717490234,2
9.96999999999953,21365.51535041912,2
9.97999999999953,21580.332549696017,2
9.98999999999953,21797.308798219867,2
9.99999999999953,22016.46579479635,2
