Site1_GSenergy_pa_composition_average,Site1_GSenergy_pa_arithmetic_average,Site1_MeltingT_max_value,Site1_MeltingT_composition_average,GSenergy_pa_min_value,MeltingT_max_value,Site1_GSenergy_pa_max_value,Site1_BoilingT_max_value,GSenergy_pa_max_value,Site1_HeatFusion_min_value,Site1_MeltingT_min_value,Site1_GSenergy_pa_min_value,Site1_MeltingT_arithmetic_average,Site1_HeatFusion_arithmetic_average,Site1_HeatFusion_max_value,Site1_ElasticModulus_arithmetic_average,Site1_BoilingT_min_value,Site1_HeatFusion_composition_average,Site1_ElasticModulus_max_value,HeatFusion_min_value,Site1_ElasticModulus_composition_average,Site1_BoilingT_composition_average,n_ws^third_composition_average,n_ws^third_arithmetic_average,HeatVaporization_max_value,group,mat,E_regression
-2.76539356,-2.76539356,1234.93,1234.93,-2.76539356,1234.93,-2.76539356,2435.0,-2.76539356,11.3,1234.93,-2.76539356,1234.93,11.3,11.3,80.0,2435.0,11.3,80.0,11.3,80.0,2435.0,1.36,1.36,250.63,original,[Ag][Ag],1.8245
-2.76539356,-2.76539356,1234.93,1234.93,-2.76539356,1768.0,-2.76539356,2435.0,-2.76539356,11.3,1234.93,-2.76539356,1234.93,11.3,11.3,80.0,2435.0,11.3,80.0,11.3,80.0,2435.0,1.5550000000000002,1.5550000000000002,373.3,original,[Ag][Co],1.734358324
-2.76539356,-2.76539356,1234.93,1234.93,-2.76539356,2180.0,-2.76539356,2435.0,-2.76539356,11.3,1234.93,-2.76539356,1234.93,11.3,11.3,80.0,2435.0,11.3,80.0,11.3,80.0,2435.0,1.545,1.545,339.5,original,[Ag][Cr],2.083638544
-2.76539356,-2.76539356,1234.93,1234.93,-2.76539356,1357.77,-2.76539356,2435.0,-2.76539356,11.3,1234.93,-2.76539356,1234.93,11.3,11.3,80.0,2435.0,11.3,80.0,11.3,80.0,2435.0,1.415,1.415,300.5,original,[Ag][Cu],1.802299595
-2.76539356,-2.76539356,1234.93,1234.93,-2.76539356,1811.0,-2.76539356,2435.0,-2.76539356,11.3,1234.93,-2.76539356,1234.93,11.3,11.3,80.0,2435.0,11.3,80.0,11.3,80.0,2435.0,1.565,1.565,349.5,original,[Ag][Fe],2.142172341
-2.76539356,-2.76539356,1234.93,1234.93,-2.76539356,1519.0,-2.76539356,2435.0,-2.76539356,11.3,1234.93,-2.76539356,1234.93,11.3,11.3,80.0,2435.0,11.3,80.0,11.3,80.0,2435.0,1.485,1.485,250.63,original,[Ag][Mn],2.026685741
-2.76539356,-2.76539356,1234.93,1234.93,-2.76539356,1728.0,-2.76539356,2435.0,-2.76539356,11.3,1234.93,-2.76539356,1234.93,11.3,11.3,80.0,2435.0,11.3,80.0,11.3,80.0,2435.0,1.5550000000000002,1.5550000000000002,377.5,original,[Ag][Ni],2.075071478
-2.76539356,-2.76539356,1234.93,1234.93,-2.76539356,1814.0,-2.76539356,2435.0,-2.76539356,11.3,1234.93,-2.76539356,1234.93,11.3,11.3,80.0,2435.0,11.3,80.0,11.3,80.0,2435.0,1.315,1.315,304.8,original,[Ag][Sc],1.823068663
-2.76539356,-2.76539356,1234.93,1234.93,-2.76539356,1941.0,-2.76539356,2435.0,-2.76539356,11.3,1234.93,-2.76539356,1234.93,11.3,11.3,80.0,2435.0,11.3,80.0,11.3,80.0,2435.0,1.44,1.44,425.2,original,[Ag][Ti],1.989468058
-2.76539356,-2.76539356,1234.93,1234.93,-2.76539356,2183.0,-2.76539356,2435.0,-2.76539356,11.3,1234.93,-2.76539356,1234.93,11.3,11.3,80.0,2435.0,11.3,80.0,11.3,80.0,2435.0,1.5,1.5,446.7,original,[Ag][V],2.072663228
-2.76539356,-2.76539356,1234.93,1234.93,-2.76539356,1234.93,-2.76539356,2435.0,-2.76539356,11.3,1234.93,-2.76539356,1234.93,11.3,11.3,80.0,2435.0,11.3,80.0,7.068,80.0,2435.0,1.34,1.34,250.63,original,[Ag][Zn],1.677523767
-3.74542312,-3.74542312,933.47,933.47,-3.74542312,933.47,-3.74542312,2792.0,-3.74542312,10.71,933.47,-3.74542312,933.47,10.71,10.71,70.5,2792.0,10.71,70.5,10.71,70.5,2792.0,1.39,1.39,290.8,original,[Al][Al],1.2661
-3.74542312,-3.74542312,933.47,933.47,-3.74542312,1234.93,-3.74542312,2792.0,-3.74542312,10.71,933.47,-3.74542312,933.47,10.71,10.71,70.5,2792.0,10.71,70.5,10.71,70.5,2792.0,1.375,1.375,290.8,original,[Al][Ag],1.14107
-3.74542312,-3.74542312,933.47,933.47,-3.74542312,1090.0,-3.74542312,2792.0,-3.74542312,10.71,933.47,-3.74542312,933.47,10.71,10.71,70.5,2792.0,10.71,70.5,10.71,70.5,2792.0,1.415,1.415,290.8,original,[Al][As],1.12367
-3.74542312,-3.74542312,933.47,933.47,-3.74542312,1337.33,-3.74542312,2792.0,-3.74542312,10.71,933.47,-3.74542312,933.47,10.71,10.71,70.5,2792.0,10.71,70.5,10.71,70.5,2792.0,1.48,1.48,324.43,original,[Al][Au],1.04139
-3.74542312,-3.74542312,933.47,933.47,-3.74542312,933.47,-3.74542312,2792.0,-3.74542312,10.71,933.47,-3.74542312,933.47,10.71,10.71,70.5,2792.0,10.71,70.5,10.71,70.5,2792.0,1.275,1.275,290.8,original,[Al][Bi],0.91207
-3.74542312,-3.74542312,933.47,933.47,-3.74542312,1115.0,-3.74542312,2792.0,-3.74542312,10.71,933.47,-3.74542312,933.47,10.71,10.71,70.5,2792.0,10.71,70.5,8.54,70.5,2792.0,1.15,1.15,290.8,original,[Al][Ca],1.07345
-3.74542312,-3.74542312,933.47,933.47,-3.74542312,933.47,-3.74542312,2792.0,-3.74542312,10.71,933.47,-3.74542312,933.47,10.71,10.71,70.5,2792.0,10.71,70.5,6.21,70.5,2792.0,1.315,1.315,290.8,original,[Al][Cd],1.16099
-3.74542312,-3.74542312,933.47,933.47,-3.74542312,1071.0,-3.74542312,2792.0,-3.74542312,10.71,933.47,-3.74542312,933.47,10.71,10.71,70.5,2792.0,10.71,70.5,5.46,70.5,2792.0,1.29,1.29,313.8,original,[Al][Ce],0.93351
-3.74542312,-3.74542312,933.47,933.47,-3.74542312,1768.0,-3.74542312,2792.0,-3.74542312,10.71,933.47,-3.74542312,933.47,10.71,10.71,70.5,2792.0,10.71,70.5,10.71,70.5,2792.0,1.5699999999999998,1.5699999999999998,373.3,original,[Al][Co],2.0104
-3.74542312,-3.74542312,933.47,933.47,-3.74542312,2180.0,-3.74542312,2792.0,-3.74542312,10.71,933.47,-3.74542312,933.47,10.71,10.71,70.5,2792.0,10.71,70.5,10.71,70.5,2792.0,1.56,1.56,339.5,original,[Al][Cr],2.1762
-3.74542312,-3.74542312,933.47,933.47,-3.74542312,1357.77,-3.74542312,2792.0,-3.74542312,10.71,933.47,-3.74542312,933.47,10.71,10.71,70.5,2792.0,10.71,70.5,10.71,70.5,2792.0,1.43,1.43,300.5,original,[Al][Cu],1.19608
-3.74542312,-3.74542312,933.47,933.47,-3.74542312,1770.0,-3.74542312,2792.0,-3.74542312,10.71,933.47,-3.74542312,933.47,10.71,10.71,70.5,2792.0,10.71,70.5,10.71,70.5,2792.0,1.31,1.31,292.88,original,[Al][Er],1.16273
-3.74542312,-3.74542312,933.47,933.47,-3.74542312,1811.0,-3.74542312,2792.0,-3.74542312,10.71,933.47,-3.74542312,933.47,10.71,10.71,70.5,2792.0,10.71,70.5,10.71,70.5,2792.0,1.58,1.58,349.5,original,[Al][Fe],2.1438
-3.74542312,-3.74542312,933.47,933.47,-3.74542312,933.47,-3.74542312,2792.0,-3.74542312,10.71,933.47,-3.74542312,933.47,10.71,10.71,70.5,2792.0,10.71,70.5,5.585,70.5,2792.0,1.35,1.35,290.8,original,[Al][Ga],1.18849
-3.74542312,-3.74542312,933.47,933.47,-3.74542312,1211.4,-3.74542312,2792.0,-3.74542312,10.71,933.47,-3.74542312,933.47,10.71,10.71,70.5,2792.0,10.71,70.5,10.71,70.5,2792.0,1.38,1.38,334.3,original,[Al][Ge],1.15506
-3.74542312,-3.74542312,933.47,933.47,-3.74542312,2506.0,-3.74542312,2792.0,-3.74542312,10.71,933.47,-3.74542312,933.47,10.71,10.71,70.5,2792.0,10.71,70.5,10.71,70.5,2792.0,1.42,1.42,661.07,original,[Al][Hf],2.06319
-3.74542312,-3.74542312,933.47,933.47,-3.74542312,933.47,-3.74542312,2792.0,-3.74542312,10.71,933.47,-3.74542312,933.47,10.71,10.71,70.5,2792.0,10.71,70.5,2.295,70.5,2792.0,1.315,1.315,290.8,original,[Al][Hg],1.08586
-3.74542312,-3.74542312,933.47,933.47,-3.74542312,933.47,-3.74542312,2792.0,-3.74542312,10.71,933.47,-3.74542312,933.47,10.71,10.71,70.5,2792.0,10.71,70.5,3.291,70.5,2792.0,1.2799999999999998,1.2799999999999998,290.8,original,[Al][In],1.10136
-3.74542312,-3.74542312,933.47,933.47,-3.74542312,2739.0,-3.74542312,2792.0,-3.74542312,10.71,933.47,-3.74542312,933.47,10.71,10.71,70.5,2792.0,10.71,70.5,10.71,70.5,2792.0,1.61,1.61,563.58,original,[Al][Ir],2.2252
-3.74542312,-3.74542312,933.47,933.47,-3.74542312,1193.0,-3.74542312,2792.0,-3.74542312,10.71,933.47,-3.74542312,933.47,10.71,10.71,70.5,2792.0,10.71,70.5,6.2,70.5,2792.0,1.285,1.285,399.57,original,[Al][La],0.77761
-3.74542312,-3.74542312,933.47,933.47,-3.74542312,933.47,-3.74542312,2792.0,-3.74542312,10.71,933.47,-3.74542312,933.47,10.71,10.71,70.5,2792.0,10.71,70.5,8.48,70.5,2792.0,1.2799999999999998,1.2799999999999998,290.8,original,[Al][Mg],1.24671
-3.74542312,-3.74542312,933.47,933.47,-3.74542312,1519.0,-3.74542312,2792.0,-3.74542312,10.71,933.47,-3.74542312,933.47,10.71,10.71,70.5,2792.0,10.71,70.5,10.71,70.5,2792.0,1.5,1.5,290.8,original,[Al][Mn],1.9213
-3.74542312,-3.74542312,933.47,933.47,-3.74542312,2896.0,-3.74542312,2792.0,-3.74542312,10.71,933.47,-3.74542312,933.47,10.71,10.71,70.5,2792.0,10.71,70.5,10.71,70.5,2792.0,1.58,1.58,590.4,original,[Al][Mo],3.0262
-3.74542312,-3.74542312,933.47,933.47,-3.74542312,933.47,-3.74542312,2792.0,-3.74542312,10.71,933.47,-3.74542312,933.47,10.71,10.71,70.5,2792.0,10.71,70.5,2.6,70.5,2792.0,1.105,1.105,290.8,original,[Al][Na],1.19687
-3.74542312,-3.74542312,933.47,933.47,-3.74542312,2750.0,-3.74542312,2792.0,-3.74542312,10.71,933.47,-3.74542312,933.47,10.71,10.71,70.5,2792.0,10.71,70.5,10.71,70.5,2792.0,1.515,1.515,690.1,original,[Al][Nb],2.667
-3.74542312,-3.74542312,933.47,933.47,-3.74542312,1294.0,-3.74542312,2792.0,-3.74542312,10.71,933.47,-3.74542312,933.47,10.71,10.71,70.5,2792.0,10.71,70.5,7.14,70.5,2792.0,1.295,1.295,290.8,original,[Al][Nd],0.9308
-3.74542312,-3.74542312,933.47,933.47,-3.74542312,1728.0,-3.74542312,2792.0,-3.74542312,10.71,933.47,-3.74542312,933.47,10.71,10.71,70.5,2792.0,10.71,70.5,10.71,70.5,2792.0,1.5699999999999998,1.5699999999999998,377.5,original,[Al][Ni],1.59959
-3.74542312,-3.74542312,933.47,933.47,-3.74542312,3306.0,-3.74542312,2792.0,-3.74542312,10.71,933.47,-3.74542312,933.47,10.71,10.71,70.5,2792.0,10.71,70.5,10.71,70.5,2792.0,1.62,1.62,627.6,original,[Al][Os],2.8061
-3.74542312,-3.74542312,933.47,933.47,-3.74542312,933.47,-3.74542312,2792.0,-3.74542312,10.71,933.47,-3.74542312,933.47,10.71,10.71,70.5,2792.0,10.71,70.5,10.71,70.5,2792.0,1.52,1.52,290.8,original,[Al][P],1.03897
-3.74542312,-3.74542312,933.47,933.47,-3.74542312,933.47,-3.74542312,2792.0,-3.74542312,10.71,933.47,-3.74542312,933.47,10.71,10.71,70.5,2792.0,10.71,70.5,4.774,70.5,2792.0,1.27,1.27,290.8,original,[Al][Pb],0.94554
-3.74542312,-3.74542312,933.47,933.47,-3.74542312,1828.05,-3.74542312,2792.0,-3.74542312,10.71,933.47,-3.74542312,933.47,10.71,10.71,70.5,2792.0,10.71,70.5,10.71,70.5,2792.0,1.5299999999999998,1.5299999999999998,393.3,original,[Al][Pd],1.52261
-3.74542312,-3.74542312,933.47,933.47,-3.74542312,2041.4,-3.74542312,2792.0,-3.74542312,10.71,933.47,-3.74542312,933.47,10.71,10.71,70.5,2792.0,10.71,70.5,10.71,70.5,2792.0,1.585,1.585,510.45,original,[Al][Pt],1.60389
-3.74542312,-3.74542312,933.47,933.47,-3.74542312,3459.0,-3.74542312,2792.0,-3.74542312,10.71,933.47,-3.74542312,933.47,10.71,10.71,70.5,2792.0,10.71,70.5,10.71,70.5,2792.0,1.62,1.62,707.1,original,[Al][Re],3.189
-3.74542312,-3.74542312,933.47,933.47,-3.74542312,2237.0,-3.74542312,2792.0,-3.74542312,10.71,933.47,-3.74542312,933.47,10.71,10.71,70.5,2792.0,10.71,70.5,10.71,70.5,2792.0,1.575,1.575,495.39,original,[Al][Rh],2.0685
-3.74542312,-3.74542312,933.47,933.47,-3.74542312,2607.0,-3.74542312,2792.0,-3.74542312,10.71,933.47,-3.74542312,933.47,10.71,10.71,70.5,2792.0,10.71,70.5,10.71,70.5,2792.0,1.61,1.61,567.77,original,[Al][Ru],2.5963
-3.74542312,-3.74542312,933.47,933.47,-3.74542312,933.47,-3.74542312,2792.0,-3.74542312,10.71,933.47,-3.74542312,933.47,10.71,10.71,70.5,2792.0,10.71,70.5,1.721,70.5,2792.0,0.695,0.695,290.8,original,[Al][S],1.11138
-3.74542312,-3.74542312,933.47,933.47,-3.74542312,933.47,-3.74542312,2792.0,-3.74542312,10.71,933.47,-3.74542312,933.47,10.71,10.71,70.5,2792.0,10.71,70.5,10.71,70.5,2792.0,1.325,1.325,290.8,original,[Al][Sb],1.02572
-3.74542312,-3.74542312,933.47,933.47,-3.74542312,1814.0,-3.74542312,2792.0,-3.74542312,10.71,933.47,-3.74542312,933.47,10.71,10.71,70.5,2792.0,10.71,70.5,10.71,70.5,2792.0,1.33,1.33,304.8,original,[Al][Sc],1.56769
-3.74542312,-3.74542312,933.47,933.47,-3.74542312,933.47,-3.74542312,2792.0,-3.74542312,10.71,933.47,-3.74542312,933.47,10.71,10.71,70.5,2792.0,10.71,70.5,6.69,70.5,2792.0,0.695,0.695,290.8,original,[Al][Se],0.82351
-3.74542312,-3.74542312,933.47,933.47,-3.74542312,1687.0,-3.74542312,2792.0,-3.74542312,10.71,933.47,-3.74542312,933.47,10.71,10.71,70.5,2792.0,10.71,70.5,10.71,70.5,2792.0,1.4449999999999998,1.4449999999999998,359.0,original,[Al][Si],1.11237
-3.74542312,-3.74542312,933.47,933.47,-3.74542312,933.47,-3.74542312,2792.0,-3.74542312,10.71,933.47,-3.74542312,933.47,10.71,10.71,70.5,2792.0,10.71,70.5,7.15,70.5,2792.0,1.315,1.315,290.8,original,[Al][Sn],1.0706
-3.74542312,-3.74542312,933.47,933.47,-3.74542312,3290.0,-3.74542312,2792.0,-3.74542312,10.71,933.47,-3.74542312,933.47,10.71,10.71,70.5,2792.0,10.71,70.5,10.71,70.5,2792.0,1.5099999999999998,1.5099999999999998,737.0,original,[Al][Ta],2.782
-3.74542312,-3.74542312,933.47,933.47,-3.74542312,2430.0,-3.74542312,2792.0,-3.74542312,10.71,933.47,-3.74542312,933.47,10.71,10.71,70.5,2792.0,10.71,70.5,10.71,70.5,2792.0,1.6,1.6,502.0,original,[Al][Tc],2.9744
-3.74542312,-3.74542312,933.47,933.47,-3.74542312,933.47,-3.74542312,2792.0,-3.74542312,10.71,933.47,-3.74542312,933.47,10.71,10.71,70.5,2792.0,10.71,70.5,10.71,70.5,2792.0,0.695,0.695,290.8,original,[Al][Te],0.90478
-3.74542312,-3.74542312,933.47,933.47,-3.74542312,1941.0,-3.74542312,2792.0,-3.74542312,10.71,933.47,-3.74542312,933.47,10.71,10.71,70.5,2792.0,10.71,70.5,10.71,70.5,2792.0,1.455,1.455,425.2,original,[Al][Ti],2.20739
-3.74542312,-3.74542312,933.47,933.47,-3.74542312,933.47,-3.74542312,2792.0,-3.74542312,10.71,933.47,-3.74542312,933.47,10.71,10.71,70.5,2792.0,10.71,70.5,4.142,70.5,2792.0,1.255,1.255,290.8,original,[Al][Tl],0.98934
-3.74542312,-3.74542312,933.47,933.47,-3.74542312,2183.0,-3.74542312,2792.0,-3.74542312,10.71,933.47,-3.74542312,933.47,10.71,10.71,70.5,2792.0,10.71,70.5,10.71,70.5,2792.0,1.515,1.515,446.7,original,[Al][V],2.6073
-3.74542312,-3.74542312,933.47,933.47,-3.74542312,3695.0,-3.74542312,2792.0,-3.74542312,10.71,933.47,-3.74542312,933.47,10.71,10.71,70.5,2792.0,10.71,70.5,10.71,70.5,2792.0,1.6,1.6,422.58,original,[Al][W],3.2023
-3.74542312,-3.74542312,933.47,933.47,-3.74542312,1799.0,-3.74542312,2792.0,-3.74542312,10.71,933.47,-3.74542312,933.47,10.71,10.71,70.5,2792.0,10.71,70.5,10.71,70.5,2792.0,1.2999999999999998,1.2999999999999998,393.3,original,[Al][Y],1.11612
-3.74542312,-3.74542312,933.47,933.47,-3.74542312,933.47,-3.74542312,2792.0,-3.74542312,10.71,933.47,-3.74542312,933.47,10.71,10.71,70.5,2792.0,10.71,70.5,7.068,70.5,2792.0,1.355,1.355,290.8,original,[Al][Zn],1.18119
-3.74542312,-3.74542312,933.47,933.47,-3.74542312,2128.0,-3.74542312,2792.0,-3.74542312,10.71,933.47,-3.74542312,933.47,10.71,10.71,70.5,2792.0,10.71,70.5,10.71,70.5,2792.0,1.4,1.4,590.5,original,[Al][Zr],1.92223
-3.20969261,-3.20969261,1337.33,1337.33,-3.20969261,1337.33,-3.20969261,3129.0,-3.20969261,12.55,1337.33,-3.20969261,1337.33,12.55,12.55,78.3,3129.0,12.55,78.3,12.55,78.3,3129.0,1.57,1.57,324.43,original,[Au][Au],1.7847
-3.20969261,-3.20969261,1337.33,1337.33,-3.20969261,1337.33,-3.20969261,3129.0,-3.20969261,12.55,1337.33,-3.20969261,1337.33,12.55,12.55,78.3,3129.0,12.55,78.3,11.3,78.3,3129.0,1.465,1.465,324.43,original,[Au][Ag],1.8195
-3.20969261,-3.20969261,1337.33,1337.33,-3.20969261,1337.33,-3.20969261,3129.0,-3.20969261,12.55,1337.33,-3.20969261,1337.33,12.55,12.55,78.3,3129.0,12.55,78.3,6.21,78.3,3129.0,1.405,1.405,324.43,original,[Au][Cd],1.7295
-3.20969261,-3.20969261,1337.33,1337.33,-3.20969261,2896.0,-3.20969261,3129.0,-3.20969261,12.55,1337.33,-3.20969261,1337.33,12.55,12.55,78.3,3129.0,12.55,78.3,12.55,78.3,3129.0,1.67,1.67,590.4,original,[Au][Mo],2.8125
-3.20969261,-3.20969261,1337.33,1337.33,-3.20969261,2750.0,-3.20969261,3129.0,-3.20969261,12.55,1337.33,-3.20969261,1337.33,12.55,12.55,78.3,3129.0,12.55,78.3,12.55,78.3,3129.0,1.605,1.605,690.1,original,[Au][Nb],2.7627
-3.20969261,-3.20969261,1337.33,1337.33,-3.20969261,1828.05,-3.20969261,3129.0,-3.20969261,12.55,1337.33,-3.20969261,1337.33,12.55,12.55,78.3,3129.0,12.55,78.3,12.55,78.3,3129.0,1.62,1.62,393.3,original,[Au][Pd],2.2041
-3.20969261,-3.20969261,1337.33,1337.33,-3.20969261,2237.0,-3.20969261,3129.0,-3.20969261,12.55,1337.33,-3.20969261,1337.33,12.55,12.55,78.3,3129.0,12.55,78.3,12.55,78.3,3129.0,1.665,1.665,495.39,original,[Au][Rh],2.5423
-3.20969261,-3.20969261,1337.33,1337.33,-3.20969261,2607.0,-3.20969261,3129.0,-3.20969261,12.55,1337.33,-3.20969261,1337.33,12.55,12.55,78.3,3129.0,12.55,78.3,12.55,78.3,3129.0,1.7000000000000002,1.7000000000000002,567.77,original,[Au][Ru],2.7173
-3.20969261,-3.20969261,1337.33,1337.33,-3.20969261,2430.0,-3.20969261,3129.0,-3.20969261,12.55,1337.33,-3.20969261,1337.33,12.55,12.55,78.3,3129.0,12.55,78.3,12.55,78.3,3129.0,1.69,1.69,502.0,original,[Au][Tc],2.7899
-3.20969261,-3.20969261,1337.33,1337.33,-3.20969261,1799.0,-3.20969261,3129.0,-3.20969261,12.55,1337.33,-3.20969261,1337.33,12.55,12.55,78.3,3129.0,12.55,78.3,11.39,78.3,3129.0,1.39,1.39,393.3,original,[Au][Y],1.8551
-3.20969261,-3.20969261,1337.33,1337.33,-3.20969261,2128.0,-3.20969261,3129.0,-3.20969261,12.55,1337.33,-3.20969261,1337.33,12.55,12.55,78.3,3129.0,12.55,78.3,12.55,78.3,3129.0,1.49,1.49,590.5,original,[Au][Zr],2.4818
-1.948329565,-1.948329565,1115.0,1115.0,-1.948329565,1115.0,-1.948329565,1757.0,-1.948329565,8.54,1115.0,-1.948329565,1115.0,8.54,8.54,21.0,1757.0,8.54,21.0,8.54,21.0,1757.0,0.91,0.91,154.67,original,[Ca][Ca],1.6689
-1.948329565,-1.948329565,1115.0,1115.0,-1.948329565,1234.93,-1.948329565,1757.0,-1.948329565,8.54,1115.0,-1.948329565,1115.0,8.54,8.54,21.0,1757.0,8.54,21.0,8.54,21.0,1757.0,1.135,1.135,250.63,original,[Ca][Ag],1.55814
-1.948329565,-1.948329565,1115.0,1115.0,-1.948329565,1115.0,-1.948329565,1757.0,-1.948329565,8.54,1115.0,-1.948329565,1115.0,8.54,8.54,21.0,1757.0,8.54,21.0,6.21,21.0,1757.0,1.075,1.075,154.67,original,[Ca][Cd],1.63695
-1.948329565,-1.948329565,1115.0,1115.0,-1.948329565,2750.0,-1.948329565,1757.0,-1.948329565,8.54,1115.0,-1.948329565,1115.0,8.54,8.54,21.0,1757.0,8.54,21.0,8.54,21.0,1757.0,1.275,1.275,690.1,original,[Ca][Nb],2.5169
-1.948329565,-1.948329565,1115.0,1115.0,-1.948329565,1799.0,-1.948329565,1757.0,-1.948329565,8.54,1115.0,-1.948329565,1115.0,8.54,8.54,21.0,1757.0,8.54,21.0,8.54,21.0,1757.0,1.06,1.06,393.3,original,[Ca][Y],1.96705
-1.948329565,-1.948329565,1115.0,1115.0,-1.948329565,2128.0,-1.948329565,1757.0,-1.948329565,8.54,1115.0,-1.948329565,1115.0,8.54,8.54,21.0,1757.0,8.54,21.0,8.54,21.0,1757.0,1.16,1.16,590.5,original,[Ca][Zr],2.30509
-3.68065482,-3.68065482,1357.77,1357.77,-3.68065482,1357.77,-3.68065482,3200.0,-3.68065482,13.6,1357.77,-3.68065482,1357.77,13.6,13.6,124.0,3200.0,13.6,124.0,13.6,124.0,3200.0,1.47,1.47,300.5,original,[Cu][Cu],2.0802
-3.68065482,-3.68065482,1357.77,1357.77,-3.68065482,1357.77,-3.68065482,3200.0,-3.68065482,13.6,1357.77,-3.68065482,1357.77,13.6,13.6,124.0,3200.0,13.6,124.0,11.3,124.0,3200.0,1.415,1.415,300.5,original,[Cu][Ag],1.9474
-3.68065482,-3.68065482,1357.77,1357.77,-3.68065482,1357.77,-3.68065482,3200.0,-3.68065482,13.6,1357.77,-3.68065482,1357.77,13.6,13.6,124.0,3200.0,13.6,124.0,10.71,124.0,3200.0,1.43,1.43,300.5,original,[Cu][Al],2.02661
-3.68065482,-3.68065482,1357.77,1357.77,-3.68065482,1357.77,-3.68065482,3200.0,-3.68065482,13.6,1357.77,-3.68065482,1357.77,13.6,13.6,124.0,3200.0,13.6,124.0,12.55,124.0,3200.0,1.52,1.52,324.43,original,[Cu][Au],1.97207
-3.68065482,-3.68065482,1357.77,1357.77,-3.68065482,1357.77,-3.68065482,3200.0,-3.68065482,13.6,1357.77,-3.68065482,1357.77,13.6,13.6,124.0,3200.0,13.6,124.0,11.106,124.0,3200.0,1.315,1.315,300.5,original,[Cu][Bi],1.63815
-3.68065482,-3.68065482,1357.77,1357.77,-3.68065482,1357.77,-3.68065482,3200.0,-3.68065482,13.6,1357.77,-3.68065482,1357.77,13.6,13.6,124.0,3200.0,13.6,124.0,6.21,124.0,3200.0,1.355,1.355,300.5,original,[Cu][Cd],1.90016
-3.68065482,-3.68065482,1357.77,1357.77,-3.68065482,1768.0,-3.68065482,3200.0,-3.68065482,13.6,1357.77,-3.68065482,1357.77,13.6,13.6,124.0,3200.0,13.6,124.0,13.6,124.0,3200.0,1.61,1.61,373.3,original,[Cu][Co],2.47185
-3.68065482,-3.68065482,1357.77,1357.77,-3.68065482,2180.0,-3.68065482,3200.0,-3.68065482,13.6,1357.77,-3.68065482,1357.77,13.6,13.6,124.0,3200.0,13.6,124.0,13.6,124.0,3200.0,1.6,1.6,339.5,original,[Cu][Cr],2.15149
-3.68065482,-3.68065482,1357.77,1357.77,-3.68065482,1811.0,-3.68065482,3200.0,-3.68065482,13.6,1357.77,-3.68065482,1357.77,13.6,13.6,124.0,3200.0,13.6,124.0,13.6,124.0,3200.0,1.62,1.62,349.5,original,[Cu][Fe],2.47732
-3.68065482,-3.68065482,1357.77,1357.77,-3.68065482,1357.77,-3.68065482,3200.0,-3.68065482,13.6,1357.77,-3.68065482,1357.77,13.6,13.6,124.0,3200.0,13.6,124.0,5.585,124.0,3200.0,1.39,1.39,300.5,original,[Cu][Ga],1.9743
-3.68065482,-3.68065482,1357.77,1357.77,-3.68065482,1357.77,-3.68065482,3200.0,-3.68065482,13.6,1357.77,-3.68065482,1357.77,13.6,13.6,124.0,3200.0,13.6,124.0,13.6,124.0,3200.0,1.42,1.42,334.3,original,[Cu][Ge],1.90646
-3.68065482,-3.68065482,1357.77,1357.77,-3.68065482,2506.0,-3.68065482,3200.0,-3.68065482,13.6,1357.77,-3.68065482,1357.77,13.6,13.6,124.0,3200.0,13.6,124.0,13.6,124.0,3200.0,1.46,1.46,661.07,original,[Cu][Hf],1.92442
-3.68065482,-3.68065482,1357.77,1357.77,-3.68065482,1357.77,-3.68065482,3200.0,-3.68065482,13.6,1357.77,-3.68065482,1357.77,13.6,13.6,124.0,3200.0,13.6,124.0,2.295,124.0,3200.0,1.355,1.355,300.5,original,[Cu][Hg],1.85082
-3.68065482,-3.68065482,1357.77,1357.77,-3.68065482,1357.77,-3.68065482,3200.0,-3.68065482,13.6,1357.77,-3.68065482,1357.77,13.6,13.6,124.0,3200.0,13.6,124.0,3.291,124.0,3200.0,1.3199999999999998,1.3199999999999998,300.5,original,[Cu][In],1.87531
-3.68065482,-3.68065482,1357.77,1357.77,-3.68065482,2739.0,-3.68065482,3200.0,-3.68065482,13.6,1357.77,-3.68065482,1357.77,13.6,13.6,124.0,3200.0,13.6,124.0,13.6,124.0,3200.0,1.65,1.65,563.58,original,[Cu][Ir],2.67585
-3.68065482,-3.68065482,1357.77,1357.77,-3.68065482,1357.77,-3.68065482,3200.0,-3.68065482,13.6,1357.77,-3.68065482,1357.77,13.6,13.6,124.0,3200.0,13.6,124.0,8.48,124.0,3200.0,1.3199999999999998,1.3199999999999998,300.5,original,[Cu][Mg],1.98829
-3.68065482,-3.68065482,1357.77,1357.77,-3.68065482,1519.0,-3.68065482,3200.0,-3.68065482,13.6,1357.77,-3.68065482,1357.77,13.6,13.6,124.0,3200.0,13.6,124.0,12.91,124.0,3200.0,1.54,1.54,300.5,original,[Cu][Mn],2.03472
-3.68065482,-3.68065482,1357.77,1357.77,-3.68065482,2896.0,-3.68065482,3200.0,-3.68065482,13.6,1357.77,-3.68065482,1357.77,13.6,13.6,124.0,3200.0,13.6,124.0,13.6,124.0,3200.0,1.62,1.62,590.4,original,[Cu][Mo],2.23051
-3.68065482,-3.68065482,1357.77,1357.77,-3.68065482,2750.0,-3.68065482,3200.0,-3.68065482,13.6,1357.77,-3.68065482,1357.77,13.6,13.6,124.0,3200.0,13.6,124.0,13.6,124.0,3200.0,1.555,1.555,690.1,original,[Cu][Nb],1.99466
-3.68065482,-3.68065482,1357.77,1357.77,-3.68065482,1728.0,-3.68065482,3200.0,-3.68065482,13.6,1357.77,-3.68065482,1357.77,13.6,13.6,124.0,3200.0,13.6,124.0,13.6,124.0,3200.0,1.61,1.61,377.5,original,[Cu][Ni],2.35912
-3.68065482,-3.68065482,1357.77,1357.77,-3.68065482,3306.0,-3.68065482,3200.0,-3.68065482,13.6,1357.77,-3.68065482,1357.77,13.6,13.6,124.0,3200.0,13.6,124.0,13.6,124.0,3200.0,1.66,1.66,627.6,original,[Cu][Os],2.72908
-3.68065482,-3.68065482,1357.77,1357.77,-3.68065482,1357.77,-3.68065482,3200.0,-3.68065482,13.6,1357.77,-3.68065482,1357.77,13.6,13.6,124.0,3200.0,13.6,124.0,4.774,124.0,3200.0,1.31,1.31,300.5,original,[Cu][Pb],1.69163
-3.68065482,-3.68065482,1357.77,1357.77,-3.68065482,1828.05,-3.68065482,3200.0,-3.68065482,13.6,1357.77,-3.68065482,1357.77,13.6,13.6,124.0,3200.0,13.6,124.0,13.6,124.0,3200.0,1.5699999999999998,1.5699999999999998,393.3,original,[Cu][Pd],2.21185
-3.68065482,-3.68065482,1357.77,1357.77,-3.68065482,2041.4,-3.68065482,3200.0,-3.68065482,13.6,1357.77,-3.68065482,1357.77,13.6,13.6,124.0,3200.0,13.6,124.0,13.6,124.0,3200.0,1.625,1.625,510.45,original,[Cu][Pt],2.42608
-3.68065482,-3.68065482,1357.77,1357.77,-3.68065482,3459.0,-3.68065482,3200.0,-3.68065482,13.6,1357.77,-3.68065482,1357.77,13.6,13.6,124.0,3200.0,13.6,124.0,13.6,124.0,3200.0,1.66,1.66,707.1,original,[Cu][Re],2.63506
-3.68065482,-3.68065482,1357.77,1357.77,-3.68065482,2237.0,-3.68065482,3200.0,-3.68065482,13.6,1357.77,-3.68065482,1357.77,13.6,13.6,124.0,3200.0,13.6,124.0,13.6,124.0,3200.0,1.615,1.615,495.39,original,[Cu][Rh],2.46945
-3.68065482,-3.68065482,1357.77,1357.77,-3.68065482,2607.0,-3.68065482,3200.0,-3.68065482,13.6,1357.77,-3.68065482,1357.77,13.6,13.6,124.0,3200.0,13.6,124.0,13.6,124.0,3200.0,1.65,1.65,567.77,original,[Cu][Ru],2.508
-3.68065482,-3.68065482,1357.77,1357.77,-3.68065482,1357.77,-3.68065482,3200.0,-3.68065482,13.6,1357.77,-3.68065482,1357.77,13.6,13.6,124.0,3200.0,13.6,124.0,1.721,124.0,3200.0,0.735,0.735,300.5,original,[Cu][S],1.75866
-3.68065482,-3.68065482,1357.77,1357.77,-3.68065482,1357.77,-3.68065482,3200.0,-3.68065482,13.6,1357.77,-3.68065482,1357.77,13.6,13.6,124.0,3200.0,13.6,124.0,13.6,124.0,3200.0,1.365,1.365,300.5,original,[Cu][Sb],1.78822
-3.68065482,-3.68065482,1357.77,1357.77,-3.68065482,1814.0,-3.68065482,3200.0,-3.68065482,13.6,1357.77,-3.68065482,1357.77,13.6,13.6,124.0,3200.0,13.6,124.0,13.6,124.0,3200.0,1.37,1.37,304.8,original,[Cu][Sc],1.89753
-3.68065482,-3.68065482,1357.77,1357.77,-3.68065482,1687.0,-3.68065482,3200.0,-3.68065482,13.6,1357.77,-3.68065482,1357.77,13.6,13.6,124.0,3200.0,13.6,124.0,13.6,124.0,3200.0,1.485,1.485,359.0,original,[Cu][Si],1.91422
-3.68065482,-3.68065482,1357.77,1357.77,-3.68065482,1357.77,-3.68065482,3200.0,-3.68065482,13.6,1357.77,-3.68065482,1357.77,13.6,13.6,124.0,3200.0,13.6,124.0,7.15,124.0,3200.0,1.355,1.355,300.5,original,[Cu][Sn],1.84641
-3.68065482,-3.68065482,1357.77,1357.77,-3.68065482,3290.0,-3.68065482,3200.0,-3.68065482,13.6,1357.77,-3.68065482,1357.77,13.6,13.6,124.0,3200.0,13.6,124.0,13.6,124.0,3200.0,1.5499999999999998,1.5499999999999998,737.0,original,[Cu][Ta],2.08834
-3.68065482,-3.68065482,1357.77,1357.77,-3.68065482,2430.0,-3.68065482,3200.0,-3.68065482,13.6,1357.77,-3.68065482,1357.77,13.6,13.6,124.0,3200.0,13.6,124.0,13.6,124.0,3200.0,1.64,1.64,502.0,original,[Cu][Tc],2.42637
-3.68065482,-3.68065482,1357.77,1357.77,-3.68065482,1941.0,-3.68065482,3200.0,-3.68065482,13.6,1357.77,-3.68065482,1357.77,13.6,13.6,124.0,3200.0,13.6,124.0,13.6,124.0,3200.0,1.495,1.495,425.2,original,[Cu][Ti],2.03098
-3.68065482,-3.68065482,1357.77,1357.77,-3.68065482,1357.77,-3.68065482,3200.0,-3.68065482,13.6,1357.77,-3.68065482,1357.77,13.6,13.6,124.0,3200.0,13.6,124.0,4.142,124.0,3200.0,1.295,1.295,300.5,original,[Cu][Tl],1.76587
-3.68065482,-3.68065482,1357.77,1357.77,-3.68065482,2183.0,-3.68065482,3200.0,-3.68065482,13.6,1357.77,-3.68065482,1357.77,13.6,13.6,124.0,3200.0,13.6,124.0,13.6,124.0,3200.0,1.555,1.555,446.7,original,[Cu][V],2.15587
-3.68065482,-3.68065482,1357.77,1357.77,-3.68065482,3695.0,-3.68065482,3200.0,-3.68065482,13.6,1357.77,-3.68065482,1357.77,13.6,13.6,124.0,3200.0,13.6,124.0,13.6,124.0,3200.0,1.64,1.64,422.58,original,[Cu][W],2.43774
-3.68065482,-3.68065482,1357.77,1357.77,-3.68065482,1357.77,-3.68065482,3200.0,-3.68065482,13.6,1357.77,-3.68065482,1357.77,13.6,13.6,124.0,3200.0,13.6,124.0,7.068,124.0,3200.0,1.395,1.395,300.5,original,[Cu][Zn],1.99861
-3.68065482,-3.68065482,1357.77,1357.77,-3.68065482,2128.0,-3.68065482,3200.0,-3.68065482,13.6,1357.77,-3.68065482,1357.77,13.6,13.6,124.0,3200.0,13.6,124.0,13.6,124.0,3200.0,1.44,1.44,590.5,original,[Cu][Zr],1.86133
-8.28548436,-8.28548436,1811.0,1811.0,-8.28548436,1811.0,-8.28548436,3134.0,-8.28548436,13.81,1811.0,-8.28548436,1811.0,13.81,13.81,211.0,3134.0,13.81,211.0,13.81,211.0,3134.0,1.77,1.77,349.5,original,[Fe][Fe],2.5968
-8.28548436,-8.28548436,1811.0,1811.0,-8.28548436,1811.0,-8.28548436,3134.0,-8.28548436,13.81,1811.0,-8.28548436,1811.0,13.81,13.81,211.0,3134.0,13.81,211.0,10.71,211.0,3134.0,1.58,1.58,349.5,original,[Fe][Al],2.45204
-8.28548436,-8.28548436,1811.0,1811.0,-8.28548436,1811.0,-8.28548436,3134.0,-8.28548436,13.81,1811.0,-8.28548436,1811.0,13.81,13.81,211.0,3134.0,13.81,211.0,13.81,211.0,3134.0,1.605,1.605,349.5,original,[Fe][As],2.38301
-8.28548436,-8.28548436,1811.0,1811.0,-8.28548436,1811.0,-8.28548436,3134.0,-8.28548436,13.81,1811.0,-8.28548436,1811.0,13.81,13.81,211.0,3134.0,13.81,211.0,11.106,211.0,3134.0,1.465,1.465,349.5,original,[Fe][Bi],2.22866
-8.28548436,-8.28548436,1811.0,1811.0,-8.28548436,1811.0,-8.28548436,3134.0,-8.28548436,13.81,1811.0,-8.28548436,1811.0,13.81,13.81,211.0,3134.0,13.81,211.0,13.81,211.0,3134.0,1.76,1.76,373.3,original,[Fe][Co],2.64035
-8.28548436,-8.28548436,1811.0,1811.0,-8.28548436,2180.0,-8.28548436,3134.0,-8.28548436,13.81,1811.0,-8.28548436,1811.0,13.81,13.81,211.0,3134.0,13.81,211.0,13.81,211.0,3134.0,1.75,1.75,349.5,original,[Fe][Cr],2.50346
-8.28548436,-8.28548436,1811.0,1811.0,-8.28548436,1811.0,-8.28548436,3134.0,-8.28548436,13.81,1811.0,-8.28548436,1811.0,13.81,13.81,211.0,3134.0,13.81,211.0,5.585,211.0,3134.0,1.54,1.54,349.5,original,[Fe][Ga],2.43793
-8.28548436,-8.28548436,1811.0,1811.0,-8.28548436,1811.0,-8.28548436,3134.0,-8.28548436,13.81,1811.0,-8.28548436,1811.0,13.81,13.81,211.0,3134.0,13.81,211.0,13.81,211.0,3134.0,1.57,1.57,349.5,original,[Fe][Ge],2.42327
-8.28548436,-8.28548436,1811.0,1811.0,-8.28548436,2739.0,-8.28548436,3134.0,-8.28548436,13.81,1811.0,-8.28548436,1811.0,13.81,13.81,211.0,3134.0,13.81,211.0,13.81,211.0,3134.0,1.8,1.8,563.58,original,[Fe][Ir],2.70034
-8.28548436,-8.28548436,1811.0,1811.0,-8.28548436,2896.0,-8.28548436,3134.0,-8.28548436,13.81,1811.0,-8.28548436,1811.0,13.81,13.81,211.0,3134.0,13.81,211.0,13.81,211.0,3134.0,1.77,1.77,590.4,original,[Fe][Mo],2.45985
-8.28548436,-8.28548436,1811.0,1811.0,-8.28548436,2750.0,-8.28548436,3134.0,-8.28548436,13.81,1811.0,-8.28548436,1811.0,13.81,13.81,211.0,3134.0,13.81,211.0,13.81,211.0,3134.0,1.705,1.705,690.1,original,[Fe][Nb],2.4163
-8.28548436,-8.28548436,1811.0,1811.0,-8.28548436,1811.0,-8.28548436,3134.0,-8.28548436,13.81,1811.0,-8.28548436,1811.0,13.81,13.81,211.0,3134.0,13.81,211.0,13.81,211.0,3134.0,1.76,1.76,377.5,original,[Fe][Ni],2.5172
-8.28548436,-8.28548436,1811.0,1811.0,-8.28548436,1811.0,-8.28548436,3134.0,-8.28548436,13.81,1811.0,-8.28548436,1811.0,13.81,13.81,211.0,3134.0,13.81,211.0,13.81,211.0,3134.0,1.71,1.71,349.5,original,[Fe][P],2.28176
-8.28548436,-8.28548436,1811.0,1811.0,-8.28548436,1811.0,-8.28548436,3134.0,-8.28548436,13.81,1811.0,-8.28548436,1811.0,13.81,13.81,211.0,3134.0,13.81,211.0,4.774,211.0,3134.0,1.46,1.46,349.5,original,[Fe][Pb],2.21859
-8.28548436,-8.28548436,1811.0,1811.0,-8.28548436,2237.0,-8.28548436,3134.0,-8.28548436,13.81,1811.0,-8.28548436,1811.0,13.81,13.81,211.0,3134.0,13.81,211.0,13.81,211.0,3134.0,1.765,1.765,495.39,original,[Fe][Rh],2.56039
-8.28548436,-8.28548436,1811.0,1811.0,-8.28548436,2607.0,-8.28548436,3134.0,-8.28548436,13.81,1811.0,-8.28548436,1811.0,13.81,13.81,211.0,3134.0,13.81,211.0,13.81,211.0,3134.0,1.8,1.8,567.77,original,[Fe][Ru],2.5755
-8.28548436,-8.28548436,1811.0,1811.0,-8.28548436,1811.0,-8.28548436,3134.0,-8.28548436,13.81,1811.0,-8.28548436,1811.0,13.81,13.81,211.0,3134.0,13.81,211.0,13.81,211.0,3134.0,1.515,1.515,349.5,original,[Fe][Sb],2.34684
-8.28548436,-8.28548436,1811.0,1811.0,-8.28548436,1811.0,-8.28548436,3134.0,-8.28548436,13.81,1811.0,-8.28548436,1811.0,13.81,13.81,211.0,3134.0,13.81,211.0,13.81,211.0,3134.0,1.635,1.635,359.0,original,[Fe][Si],2.39436
-8.28548436,-8.28548436,1811.0,1811.0,-8.28548436,1811.0,-8.28548436,3134.0,-8.28548436,13.81,1811.0,-8.28548436,1811.0,13.81,13.81,211.0,3134.0,13.81,211.0,7.15,211.0,3134.0,1.505,1.505,349.5,original,[Fe][Sn],2.30357
-8.28548436,-8.28548436,1811.0,1811.0,-8.28548436,2430.0,-8.28548436,3134.0,-8.28548436,13.81,1811.0,-8.28548436,1811.0,13.81,13.81,211.0,3134.0,13.81,211.0,13.81,211.0,3134.0,1.79,1.79,502.0,original,[Fe][Tc],2.50765
-8.28548436,-8.28548436,1811.0,1811.0,-8.28548436,1941.0,-8.28548436,3134.0,-8.28548436,13.81,1811.0,-8.28548436,1811.0,13.81,13.81,211.0,3134.0,13.81,211.0,13.81,211.0,3134.0,1.645,1.645,425.2,original,[Fe][Ti],2.45719
-8.28548436,-8.28548436,1811.0,1811.0,-8.28548436,2183.0,-8.28548436,3134.0,-8.28548436,13.81,1811.0,-8.28548436,1811.0,13.81,13.81,211.0,3134.0,13.81,211.0,13.81,211.0,3134.0,1.705,1.705,446.7,original,[Fe][V],2.51386
-8.28548436,-8.28548436,1811.0,1811.0,-8.28548436,3695.0,-8.28548436,3134.0,-8.28548436,13.81,1811.0,-8.28548436,1811.0,13.81,13.81,211.0,3134.0,13.81,211.0,13.81,211.0,3134.0,1.79,1.79,422.58,original,[Fe][W],2.50008
-8.28548436,-8.28548436,1811.0,1811.0,-8.28548436,1811.0,-8.28548436,3134.0,-8.28548436,13.81,1811.0,-8.28548436,1811.0,13.81,13.81,211.0,3134.0,13.81,211.0,7.068,211.0,3134.0,1.545,1.545,349.5,original,[Fe][Zn],2.43732
-8.28548436,-8.28548436,1811.0,1811.0,-8.28548436,1811.0,-8.28548436,3134.0,-8.28548436,13.81,1811.0,-8.28548436,1811.0,13.81,13.81,211.0,3134.0,13.81,211.0,13.6,211.0,3134.0,1.62,1.62,349.5,original,[Fe][Cu],2.39882
-8.28548436,-8.28548436,1811.0,1811.0,-8.28548436,1811.0,-8.28548436,3134.0,-8.28548436,13.81,1811.0,-8.28548436,1811.0,13.81,13.81,211.0,3134.0,13.81,211.0,12.91,211.0,3134.0,1.69,1.69,349.5,original,[Fe][Mn],2.42964
-8.28548436,-8.28548436,1811.0,1811.0,-8.28548436,1811.0,-8.28548436,3134.0,-8.28548436,13.81,1811.0,-8.28548436,1811.0,13.81,13.81,211.0,3134.0,13.81,211.0,11.3,211.0,3134.0,1.565,1.565,349.5,original,[Fe][Ag],2.32068
-8.28548436,-8.28548436,1811.0,1811.0,-8.28548436,1811.0,-8.28548436,3134.0,-8.28548436,13.81,1811.0,-8.28548436,1811.0,13.81,13.81,211.0,3134.0,13.81,211.0,12.55,211.0,3134.0,1.67,1.67,349.5,original,[Fe][Au],2.34592
-8.28548436,-8.28548436,1811.0,1811.0,-8.28548436,1811.0,-8.28548436,3134.0,-8.28548436,13.81,1811.0,-8.28548436,1811.0,13.81,13.81,211.0,3134.0,13.81,211.0,6.21,211.0,3134.0,1.505,1.505,349.5,original,[Fe][Cd],2.26771
-8.28548436,-8.28548436,1811.0,1811.0,-8.28548436,2506.0,-8.28548436,3134.0,-8.28548436,13.81,1811.0,-8.28548436,1811.0,13.81,13.81,211.0,3134.0,13.81,211.0,13.81,211.0,3134.0,1.61,1.61,661.07,original,[Fe][Hf],2.32154
-8.28548436,-8.28548436,1811.0,1811.0,-8.28548436,1811.0,-8.28548436,3134.0,-8.28548436,13.81,1811.0,-8.28548436,1811.0,13.81,13.81,211.0,3134.0,13.81,211.0,2.295,211.0,3134.0,1.505,1.505,349.5,original,[Fe][Hg],2.25118
-8.28548436,-8.28548436,1811.0,1811.0,-8.28548436,1811.0,-8.28548436,3134.0,-8.28548436,13.81,1811.0,-8.28548436,1811.0,13.81,13.81,211.0,3134.0,13.81,211.0,3.291,211.0,3134.0,1.47,1.47,349.5,original,[Fe][In],2.27298
-8.28548436,-8.28548436,1811.0,1811.0,-8.28548436,3306.0,-8.28548436,3134.0,-8.28548436,13.81,1811.0,-8.28548436,1811.0,13.81,13.81,211.0,3134.0,13.81,211.0,13.81,211.0,3134.0,1.81,1.81,627.6,original,[Fe][Os],2.72278
-8.28548436,-8.28548436,1811.0,1811.0,-8.28548436,1828.05,-8.28548436,3134.0,-8.28548436,13.81,1811.0,-8.28548436,1811.0,13.81,13.81,211.0,3134.0,13.81,211.0,13.81,211.0,3134.0,1.72,1.72,393.3,original,[Fe][Pd],2.45233
-8.28548436,-8.28548436,1811.0,1811.0,-8.28548436,2041.4,-8.28548436,3134.0,-8.28548436,13.81,1811.0,-8.28548436,1811.0,13.81,13.81,211.0,3134.0,13.81,211.0,13.81,211.0,3134.0,1.775,1.775,510.45,original,[Fe][Pt],2.59378
-8.28548436,-8.28548436,1811.0,1811.0,-8.28548436,1814.0,-8.28548436,3134.0,-8.28548436,13.81,1811.0,-8.28548436,1811.0,13.81,13.81,211.0,3134.0,13.81,211.0,13.81,211.0,3134.0,1.52,1.52,349.5,original,[Fe][Sc],2.31133
-8.28548436,-8.28548436,1811.0,1811.0,-8.28548436,3290.0,-8.28548436,3134.0,-8.28548436,13.81,1811.0,-8.28548436,1811.0,13.81,13.81,211.0,3134.0,13.81,211.0,13.81,211.0,3134.0,1.7,1.7,737.0,original,[Fe][Ta],2.39758
-8.28548436,-8.28548436,1811.0,1811.0,-8.28548436,1811.0,-8.28548436,3134.0,-8.28548436,13.81,1811.0,-8.28548436,1811.0,13.81,13.81,211.0,3134.0,13.81,211.0,4.142,211.0,3134.0,1.445,1.445,349.5,original,[Fe][Tl],2.22509
-8.28548436,-8.28548436,1811.0,1811.0,-8.28548436,2128.0,-8.28548436,3134.0,-8.28548436,13.81,1811.0,-8.28548436,1811.0,13.81,13.81,211.0,3134.0,13.81,211.0,13.81,211.0,3134.0,1.59,1.59,590.5,original,[Fe][Zr],2.29169
-8.28548436,-8.28548436,1811.0,1811.0,-8.28548436,3459.0,-8.28548436,3134.0,-8.28548436,13.81,1811.0,-8.28548436,1811.0,13.81,13.81,211.0,3134.0,13.81,211.0,13.81,211.0,3134.0,1.81,1.81,707.1,original,[Fe][Re],2.66457
-8.84851145,-8.84851145,2739.0,2739.0,-8.84851145,2739.0,-8.84851145,4701.0,-8.84851145,41.12,2739.0,-8.84851145,2739.0,41.12,41.12,533.0,4701.0,41.12,533.0,41.12,533.0,4701.0,1.83,1.83,563.58,original,[Ir][Ir],4.5471
-8.84851145,-8.84851145,2739.0,2739.0,-8.84851145,2739.0,-8.84851145,4701.0,-8.84851145,41.12,2739.0,-8.84851145,2739.0,41.12,41.12,533.0,4701.0,41.12,533.0,11.3,533.0,4701.0,1.5950000000000002,1.5950000000000002,563.58,original,[Ir][Ag],4.4493
-8.84851145,-8.84851145,2739.0,2739.0,-8.84851145,2739.0,-8.84851145,4701.0,-8.84851145,41.12,2739.0,-8.84851145,2739.0,41.12,41.12,533.0,4701.0,41.12,533.0,6.21,533.0,4701.0,1.535,1.535,563.58,original,[Ir][Cd],4.42133
-8.84851145,-8.84851145,2739.0,2739.0,-8.84851145,2896.0,-8.84851145,4701.0,-8.84851145,41.12,2739.0,-8.84851145,2739.0,41.12,41.12,533.0,4701.0,41.12,533.0,37.48,533.0,4701.0,1.8,1.8,590.4,original,[Ir][Mo],4.93558
-8.84851145,-8.84851145,2739.0,2739.0,-8.84851145,2750.0,-8.84851145,4701.0,-8.84851145,41.12,2739.0,-8.84851145,2739.0,41.12,41.12,533.0,4701.0,41.12,533.0,30.0,533.0,4701.0,1.735,1.735,690.1,original,[Ir][Nb],4.71079
-8.84851145,-8.84851145,2739.0,2739.0,-8.84851145,2739.0,-8.84851145,4701.0,-8.84851145,41.12,2739.0,-8.84851145,2739.0,41.12,41.12,533.0,4701.0,41.12,533.0,16.74,533.0,4701.0,1.75,1.75,563.58,original,[Ir][Pd],4.4704
-8.84851145,-8.84851145,2739.0,2739.0,-8.84851145,2739.0,-8.84851145,4701.0,-8.84851145,41.12,2739.0,-8.84851145,2739.0,41.12,41.12,533.0,4701.0,41.12,533.0,26.59,533.0,4701.0,1.795,1.795,563.58,original,[Ir][Rh],4.47609
-8.84851145,-8.84851145,2739.0,2739.0,-8.84851145,2739.0,-8.84851145,4701.0,-8.84851145,41.12,2739.0,-8.84851145,2739.0,41.12,41.12,533.0,4701.0,41.12,533.0,38.59,533.0,4701.0,1.83,1.83,567.77,original,[Ir][Ru],4.7411
-8.84851145,-8.84851145,2739.0,2739.0,-8.84851145,2739.0,-8.84851145,4701.0,-8.84851145,41.12,2739.0,-8.84851145,2739.0,41.12,41.12,533.0,4701.0,41.12,533.0,33.29,533.0,4701.0,1.82,1.82,563.58,original,[Ir][Tc],5.06696
-8.84851145,-8.84851145,2739.0,2739.0,-8.84851145,2739.0,-8.84851145,4701.0,-8.84851145,41.12,2739.0,-8.84851145,2739.0,41.12,41.12,533.0,4701.0,41.12,533.0,11.39,533.0,4701.0,1.52,1.52,563.58,original,[Ir][Y],4.30652
-8.84851145,-8.84851145,2739.0,2739.0,-8.84851145,2739.0,-8.84851145,4701.0,-8.84851145,41.12,2739.0,-8.84851145,2739.0,41.12,41.12,533.0,4701.0,41.12,533.0,21.0,533.0,4701.0,1.62,1.62,590.5,original,[Ir][Zr],4.56807
-1.54227231,-1.54227231,923.0,923.0,-1.54227231,923.0,-1.54227231,1363.0,-1.54227231,8.48,923.0,-1.54227231,923.0,8.48,8.48,44.4,1363.0,8.48,44.4,8.48,44.4,1363.0,1.17,1.17,127.6,original,[Mg][Mg],1.406
-1.54227231,-1.54227231,923.0,923.0,-1.54227231,1234.93,-1.54227231,1363.0,-1.54227231,8.48,923.0,-1.54227231,923.0,8.48,8.48,44.4,1363.0,8.48,44.4,8.48,44.4,1363.0,1.265,1.265,250.63,original,[Mg][Ag],1.46003
-1.54227231,-1.54227231,923.0,923.0,-1.54227231,933.47,-1.54227231,1363.0,-1.54227231,8.48,923.0,-1.54227231,923.0,8.48,8.48,44.4,1363.0,8.48,44.4,8.48,44.4,1363.0,1.2799999999999998,1.2799999999999998,290.8,original,[Mg][Al],1.47106
-1.54227231,-1.54227231,923.0,923.0,-1.54227231,1337.33,-1.54227231,1363.0,-1.54227231,8.48,923.0,-1.54227231,923.0,8.48,8.48,44.4,1363.0,8.48,44.4,8.48,44.4,1363.0,1.37,1.37,324.43,original,[Mg][Au],1.53295
-1.54227231,-1.54227231,923.0,923.0,-1.54227231,1560.0,-1.54227231,1363.0,-1.54227231,8.48,923.0,-1.54227231,923.0,8.48,8.48,44.4,1363.0,8.48,44.4,7.895,44.4,1363.0,1.42,1.42,297.0,original,[Mg][Be],1.38435
-1.54227231,-1.54227231,923.0,923.0,-1.54227231,923.0,-1.54227231,1363.0,-1.54227231,8.48,923.0,-1.54227231,923.0,8.48,8.48,44.4,1363.0,8.48,44.4,8.48,44.4,1363.0,1.165,1.165,179.0,original,[Mg][Bi],1.23751
-1.54227231,-1.54227231,923.0,923.0,-1.54227231,1115.0,-1.54227231,1363.0,-1.54227231,8.48,923.0,-1.54227231,923.0,8.48,8.48,44.4,1363.0,8.48,44.4,8.48,44.4,1363.0,1.04,1.04,154.67,original,[Mg][Ca],1.22059
-1.54227231,-1.54227231,923.0,923.0,-1.54227231,923.0,-1.54227231,1363.0,-1.54227231,8.48,923.0,-1.54227231,923.0,8.48,8.48,44.4,1363.0,8.48,44.4,6.21,44.4,1363.0,1.205,1.205,127.6,original,[Mg][Cd],1.31308
-1.54227231,-1.54227231,923.0,923.0,-1.54227231,1071.0,-1.54227231,1363.0,-1.54227231,8.48,923.0,-1.54227231,923.0,8.48,8.48,44.4,1363.0,8.48,44.4,5.46,44.4,1363.0,1.18,1.18,313.8,original,[Mg][Ce],1.206
-1.54227231,-1.54227231,923.0,923.0,-1.54227231,1768.0,-1.54227231,1363.0,-1.54227231,8.48,923.0,-1.54227231,923.0,8.48,8.48,44.4,1363.0,8.48,44.4,8.48,44.4,1363.0,1.46,1.46,373.3,original,[Mg][Co],1.97803
-1.54227231,-1.54227231,923.0,923.0,-1.54227231,2180.0,-1.54227231,1363.0,-1.54227231,8.48,923.0,-1.54227231,923.0,8.48,8.48,44.4,1363.0,8.48,44.4,8.48,44.4,1363.0,1.45,1.45,339.5,original,[Mg][Cr],1.74633
-1.54227231,-1.54227231,923.0,923.0,-1.54227231,1357.77,-1.54227231,1363.0,-1.54227231,8.48,923.0,-1.54227231,923.0,8.48,8.48,44.4,1363.0,8.48,44.4,8.48,44.4,1363.0,1.3199999999999998,1.3199999999999998,300.5,original,[Mg][Cu],1.48301
-1.54227231,-1.54227231,923.0,923.0,-1.54227231,1811.0,-1.54227231,1363.0,-1.54227231,8.48,923.0,-1.54227231,923.0,8.48,8.48,44.4,1363.0,8.48,44.4,8.48,44.4,1363.0,1.47,1.47,349.5,original,[Mg][Fe],1.88006
-1.54227231,-1.54227231,923.0,923.0,-1.54227231,923.0,-1.54227231,1363.0,-1.54227231,8.48,923.0,-1.54227231,923.0,8.48,8.48,44.4,1363.0,8.48,44.4,5.585,44.4,1363.0,1.24,1.24,256.06,original,[Mg][Ga],1.34821
-1.54227231,-1.54227231,923.0,923.0,-1.54227231,1586.0,-1.54227231,1363.0,-1.54227231,8.48,923.0,-1.54227231,923.0,8.48,8.48,44.4,1363.0,8.48,44.4,8.48,44.4,1363.0,1.19,1.19,311.71,original,[Mg][Gd],1.31171
-1.54227231,-1.54227231,923.0,923.0,-1.54227231,2506.0,-1.54227231,1363.0,-1.54227231,8.48,923.0,-1.54227231,923.0,8.48,8.48,44.4,1363.0,8.48,44.4,8.48,44.4,1363.0,1.31,1.31,661.07,original,[Mg][Hf],2.04142
-1.54227231,-1.54227231,923.0,923.0,-1.54227231,923.0,-1.54227231,1363.0,-1.54227231,8.48,923.0,-1.54227231,923.0,8.48,8.48,44.4,1363.0,8.48,44.4,2.295,44.4,1363.0,1.205,1.205,127.6,original,[Mg][Hg],1.25354
-1.54227231,-1.54227231,923.0,923.0,-1.54227231,923.0,-1.54227231,1363.0,-1.54227231,8.48,923.0,-1.54227231,923.0,8.48,8.48,44.4,1363.0,8.48,44.4,3.291,44.4,1363.0,1.17,1.17,226.335,original,[Mg][In],1.31556
-1.54227231,-1.54227231,923.0,923.0,-1.54227231,2739.0,-1.54227231,1363.0,-1.54227231,8.48,923.0,-1.54227231,923.0,8.48,8.48,44.4,1363.0,8.48,44.4,8.48,44.4,1363.0,1.5,1.5,563.58,original,[Mg][Ir],2.26703
-1.54227231,-1.54227231,923.0,923.0,-1.54227231,923.0,-1.54227231,1363.0,-1.54227231,8.48,923.0,-1.54227231,923.0,8.48,8.48,44.4,1363.0,8.48,44.4,2.335,44.4,1363.0,0.91,0.91,127.6,original,[Mg][K],1.07661
-1.54227231,-1.54227231,923.0,923.0,-1.54227231,1193.0,-1.54227231,1363.0,-1.54227231,8.48,923.0,-1.54227231,923.0,8.48,8.48,44.4,1363.0,8.48,44.4,6.2,44.4,1363.0,1.1749999999999998,1.1749999999999998,399.57,original,[Mg][La],1.17836
-1.54227231,-1.54227231,923.0,923.0,-1.54227231,923.0,-1.54227231,1363.0,-1.54227231,8.48,923.0,-1.54227231,923.0,8.48,8.48,44.4,1363.0,8.48,44.4,3.0,44.4,1363.0,1.075,1.075,147.1,original,[Mg][Li],1.33197
-1.54227231,-1.54227231,923.0,923.0,-1.54227231,1519.0,-1.54227231,1363.0,-1.54227231,8.48,923.0,-1.54227231,923.0,8.48,8.48,44.4,1363.0,8.48,44.4,8.48,44.4,1363.0,1.39,1.39,219.74,original,[Mg][Mn],1.6954
-1.54227231,-1.54227231,923.0,923.0,-1.54227231,2896.0,-1.54227231,1363.0,-1.54227231,8.48,923.0,-1.54227231,923.0,8.48,8.48,44.4,1363.0,8.48,44.4,8.48,44.4,1363.0,1.47,1.47,590.4,original,[Mg][Mo],2.67438
-1.54227231,-1.54227231,923.0,923.0,-1.54227231,923.0,-1.54227231,1363.0,-1.54227231,8.48,923.0,-1.54227231,923.0,8.48,8.48,44.4,1363.0,8.48,44.4,2.6,44.4,1363.0,0.995,0.995,127.6,original,[Mg][Na],1.26165
-1.54227231,-1.54227231,923.0,923.0,-1.54227231,2750.0,-1.54227231,1363.0,-1.54227231,8.48,923.0,-1.54227231,923.0,8.48,8.48,44.4,1363.0,8.48,44.4,8.48,44.4,1363.0,1.4049999999999998,1.4049999999999998,690.1,original,[Mg][Nb],2.45235
-1.54227231,-1.54227231,923.0,923.0,-1.54227231,1294.0,-1.54227231,1363.0,-1.54227231,8.48,923.0,-1.54227231,923.0,8.48,8.48,44.4,1363.0,8.48,44.4,7.14,44.4,1363.0,1.185,1.185,283.68,original,[Mg][Nd],1.23717
-1.54227231,-1.54227231,923.0,923.0,-1.54227231,1728.0,-1.54227231,1363.0,-1.54227231,8.48,923.0,-1.54227231,923.0,8.48,8.48,44.4,1363.0,8.48,44.4,8.48,44.4,1363.0,1.46,1.46,377.5,original,[Mg][Ni],1.77227
-1.54227231,-1.54227231,923.0,923.0,-1.54227231,3306.0,-1.54227231,1363.0,-1.54227231,8.48,923.0,-1.54227231,923.0,8.48,8.48,44.4,1363.0,8.48,44.4,8.48,44.4,1363.0,1.51,1.51,627.6,original,[Mg][Os],2.55892
-1.54227231,-1.54227231,923.0,923.0,-1.54227231,1828.05,-1.54227231,1363.0,-1.54227231,8.48,923.0,-1.54227231,923.0,8.48,8.48,44.4,1363.0,8.48,44.4,8.48,44.4,1363.0,1.42,1.42,393.3,original,[Mg][Pd],1.76833
-1.54227231,-1.54227231,923.0,923.0,-1.54227231,1204.0,-1.54227231,1363.0,-1.54227231,8.48,923.0,-1.54227231,923.0,8.48,8.48,44.4,1363.0,8.48,44.4,6.89,44.4,1363.0,1.185,1.185,332.63,original,[Mg][Pr],1.21848
-1.54227231,-1.54227231,923.0,923.0,-1.54227231,2041.4,-1.54227231,1363.0,-1.54227231,8.48,923.0,-1.54227231,923.0,8.48,8.48,44.4,1363.0,8.48,44.4,8.48,44.4,1363.0,1.475,1.475,510.45,original,[Mg][Pt],1.8718
-1.54227231,-1.54227231,923.0,923.0,-1.54227231,3459.0,-1.54227231,1363.0,-1.54227231,8.48,923.0,-1.54227231,923.0,8.48,8.48,44.4,1363.0,8.48,44.4,8.48,44.4,1363.0,1.51,1.51,707.1,original,[Mg][Re],2.78975
-1.54227231,-1.54227231,923.0,923.0,-1.54227231,2237.0,-1.54227231,1363.0,-1.54227231,8.48,923.0,-1.54227231,923.0,8.48,8.48,44.4,1363.0,8.48,44.4,8.48,44.4,1363.0,1.465,1.465,495.39,original,[Mg][Rh],2.1269
-1.54227231,-1.54227231,923.0,923.0,-1.54227231,2607.0,-1.54227231,1363.0,-1.54227231,8.48,923.0,-1.54227231,923.0,8.48,8.48,44.4,1363.0,8.48,44.4,8.48,44.4,1363.0,1.5,1.5,567.77,original,[Mg][Ru],2.44111
-1.54227231,-1.54227231,923.0,923.0,-1.54227231,923.0,-1.54227231,1363.0,-1.54227231,8.48,923.0,-1.54227231,923.0,8.48,8.48,44.4,1363.0,8.48,44.4,8.48,44.4,1363.0,1.215,1.215,127.6,original,[Mg][Sb],1.26933
-1.54227231,-1.54227231,923.0,923.0,-1.54227231,1814.0,-1.54227231,1363.0,-1.54227231,8.48,923.0,-1.54227231,923.0,8.48,8.48,44.4,1363.0,8.48,44.4,8.48,44.4,1363.0,1.22,1.22,304.8,original,[Mg][Sc],1.6123
-1.54227231,-1.54227231,923.0,923.0,-1.54227231,923.0,-1.54227231,1363.0,-1.54227231,8.48,923.0,-1.54227231,923.0,8.48,8.48,44.4,1363.0,8.48,44.4,6.69,44.4,1363.0,0.585,0.585,127.6,original,[Mg][Se],1.09913
-1.54227231,-1.54227231,923.0,923.0,-1.54227231,1687.0,-1.54227231,1363.0,-1.54227231,8.48,923.0,-1.54227231,923.0,8.48,8.48,44.4,1363.0,8.48,44.4,8.48,44.4,1363.0,1.335,1.335,359.0,original,[Mg][Si],1.43422
-1.54227231,-1.54227231,923.0,923.0,-1.54227231,923.0,-1.54227231,1363.0,-1.54227231,8.48,923.0,-1.54227231,923.0,8.48,8.48,44.4,1363.0,8.48,44.4,7.15,44.4,1363.0,1.205,1.205,290.37,original,[Mg][Sn],1.3627
-1.54227231,-1.54227231,923.0,923.0,-1.54227231,1050.0,-1.54227231,1363.0,-1.54227231,8.48,923.0,-1.54227231,923.0,8.48,8.48,44.4,1363.0,8.48,44.4,7.43,44.4,1363.0,1.005,1.005,136.9,original,[Mg][Sr],1.08218
-1.54227231,-1.54227231,923.0,923.0,-1.54227231,3290.0,-1.54227231,1363.0,-1.54227231,8.48,923.0,-1.54227231,923.0,8.48,8.48,44.4,1363.0,8.48,44.4,8.48,44.4,1363.0,1.4,1.4,737.0,original,[Mg][Ta],2.53728
-1.54227231,-1.54227231,923.0,923.0,-1.54227231,2430.0,-1.54227231,1363.0,-1.54227231,8.48,923.0,-1.54227231,923.0,8.48,8.48,44.4,1363.0,8.48,44.4,8.48,44.4,1363.0,1.49,1.49,502.0,original,[Mg][Tc],2.65156
-1.54227231,-1.54227231,923.0,923.0,-1.54227231,2023.0,-1.54227231,1363.0,-1.54227231,8.48,923.0,-1.54227231,923.0,8.48,8.48,44.4,1363.0,8.48,44.4,8.48,44.4,1363.0,1.225,1.225,543.92,original,[Mg][Th],1.2663
-1.54227231,-1.54227231,923.0,923.0,-1.54227231,1941.0,-1.54227231,1363.0,-1.54227231,8.48,923.0,-1.54227231,923.0,8.48,8.48,44.4,1363.0,8.48,44.4,8.48,44.4,1363.0,1.345,1.345,425.2,original,[Mg][Ti],2.02214
-1.54227231,-1.54227231,923.0,923.0,-1.54227231,2183.0,-1.54227231,1363.0,-1.54227231,8.48,923.0,-1.54227231,923.0,8.48,8.48,44.4,1363.0,8.48,44.4,8.48,44.4,1363.0,1.4049999999999998,1.4049999999999998,446.7,original,[Mg][V],2.25739
-1.54227231,-1.54227231,923.0,923.0,-1.54227231,3695.0,-1.54227231,1363.0,-1.54227231,8.48,923.0,-1.54227231,923.0,8.48,8.48,44.4,1363.0,8.48,44.4,8.48,44.4,1363.0,1.49,1.49,422.58,original,[Mg][W],2.82992
-1.54227231,-1.54227231,923.0,923.0,-1.54227231,1799.0,-1.54227231,1363.0,-1.54227231,8.48,923.0,-1.54227231,923.0,8.48,8.48,44.4,1363.0,8.48,44.4,8.48,44.4,1363.0,1.19,1.19,393.3,original,[Mg][Y],1.3495
-1.54227231,-1.54227231,923.0,923.0,-1.54227231,923.0,-1.54227231,1363.0,-1.54227231,8.48,923.0,-1.54227231,923.0,8.48,8.48,44.4,1363.0,8.48,44.4,7.068,44.4,1363.0,1.245,1.245,127.6,original,[Mg][Zn],1.30461
-1.54227231,-1.54227231,923.0,923.0,-1.54227231,2128.0,-1.54227231,1363.0,-1.54227231,8.48,923.0,-1.54227231,923.0,8.48,8.48,44.4,1363.0,8.48,44.4,8.48,44.4,1363.0,1.29,1.29,590.5,original,[Mg][Zr],1.98631
-10.84610777,-10.84610777,2896.0,2896.0,-10.84610777,2896.0,-10.84610777,4912.0,-10.84610777,37.48,2896.0,-10.84610777,2896.0,37.48,37.48,322.0,4912.0,37.48,322.0,37.48,322.0,4912.0,1.77,1.77,590.4,original,[Mo][Mo],5.0288
-10.84610777,-10.84610777,2896.0,2896.0,-10.84610777,2896.0,-10.84610777,4912.0,-10.84610777,37.48,2896.0,-10.84610777,2896.0,37.48,37.48,322.0,4912.0,37.48,322.0,11.3,322.0,4912.0,1.565,1.565,590.4,original,[Mo][Ag],4.6899
-10.84610777,-10.84610777,2896.0,2896.0,-10.84610777,2896.0,-10.84610777,4912.0,-10.84610777,37.48,2896.0,-10.84610777,2896.0,37.48,37.48,322.0,4912.0,37.48,322.0,11.106,322.0,4912.0,1.465,1.465,590.4,original,[Mo][Bi],4.77865
-10.84610777,-10.84610777,2896.0,2896.0,-10.84610777,2896.0,-10.84610777,4912.0,-10.84610777,37.48,2896.0,-10.84610777,2896.0,37.48,37.48,322.0,4912.0,37.48,322.0,6.21,322.0,4912.0,1.505,1.505,590.4,original,[Mo][Cd],4.73084
-10.84610777,-10.84610777,2896.0,2896.0,-10.84610777,2896.0,-10.84610777,4912.0,-10.84610777,37.48,2896.0,-10.84610777,2896.0,37.48,37.48,322.0,4912.0,37.48,322.0,16.2,322.0,4912.0,1.76,1.76,590.4,original,[Mo][Co],4.59618
-10.84610777,-10.84610777,2896.0,2896.0,-10.84610777,2896.0,-10.84610777,4912.0,-10.84610777,37.48,2896.0,-10.84610777,2896.0,37.48,37.48,322.0,4912.0,37.48,322.0,21.0,322.0,4912.0,1.75,1.75,590.4,original,[Mo][Cr],5.06851
-10.84610777,-10.84610777,2896.0,2896.0,-10.84610777,2896.0,-10.84610777,4912.0,-10.84610777,37.48,2896.0,-10.84610777,2896.0,37.48,37.48,322.0,4912.0,37.48,322.0,13.6,322.0,4912.0,1.62,1.62,590.4,original,[Mo][Cu],4.86586
-10.84610777,-10.84610777,2896.0,2896.0,-10.84610777,2896.0,-10.84610777,4912.0,-10.84610777,37.48,2896.0,-10.84610777,2896.0,37.48,37.48,322.0,4912.0,37.48,322.0,13.81,322.0,4912.0,1.77,1.77,590.4,original,[Mo][Fe],4.61039
-10.84610777,-10.84610777,2896.0,2896.0,-10.84610777,2896.0,-10.84610777,4912.0,-10.84610777,37.48,2896.0,-10.84610777,2896.0,37.48,37.48,322.0,4912.0,37.48,322.0,5.585,322.0,4912.0,1.54,1.54,590.4,original,[Mo][Ga],4.96448
-10.84610777,-10.84610777,2896.0,2896.0,-10.84610777,2896.0,-10.84610777,4912.0,-10.84610777,37.48,2896.0,-10.84610777,2896.0,37.48,37.48,322.0,4912.0,37.48,322.0,3.291,322.0,4912.0,1.47,1.47,590.4,original,[Mo][In],4.84196
-10.84610777,-10.84610777,2896.0,2896.0,-10.84610777,2896.0,-10.84610777,4912.0,-10.84610777,37.48,2896.0,-10.84610777,2896.0,37.48,37.48,322.0,4912.0,37.48,322.0,8.48,322.0,4912.0,1.47,1.47,590.4,original,[Mo][Mg],4.95666
-10.84610777,-10.84610777,2896.0,2896.0,-10.84610777,2896.0,-10.84610777,4912.0,-10.84610777,37.48,2896.0,-10.84610777,2896.0,37.48,37.48,322.0,4912.0,37.48,322.0,12.91,322.0,4912.0,1.69,1.69,590.4,original,[Mo][Mn],4.81209
-10.84610777,-10.84610777,2896.0,2896.0,-10.84610777,2896.0,-10.84610777,4912.0,-10.84610777,37.48,2896.0,-10.84610777,2896.0,37.48,37.48,322.0,4912.0,37.48,322.0,17.48,322.0,4912.0,1.76,1.76,590.4,original,[Mo][Ni],4.7032
-10.84610777,-10.84610777,2896.0,2896.0,-10.84610777,2896.0,-10.84610777,4912.0,-10.84610777,37.48,2896.0,-10.84610777,2896.0,37.48,37.48,322.0,4912.0,37.48,322.0,16.74,322.0,4912.0,1.72,1.72,590.4,original,[Mo][Pd],4.64559
-10.84610777,-10.84610777,2896.0,2896.0,-10.84610777,2896.0,-10.84610777,4912.0,-10.84610777,37.48,2896.0,-10.84610777,2896.0,37.48,37.48,322.0,4912.0,37.48,322.0,33.29,322.0,4912.0,1.79,1.79,590.4,original,[Mo][Tc],4.86088
-10.84610777,-10.84610777,2896.0,2896.0,-10.84610777,3695.0,-10.84610777,4912.0,-10.84610777,37.48,2896.0,-10.84610777,2896.0,37.48,37.48,322.0,4912.0,37.48,322.0,37.48,322.0,4912.0,1.79,1.79,590.4,original,[Mo][W],5.25813
-10.84610777,-10.84610777,2896.0,2896.0,-10.84610777,2896.0,-10.84610777,4912.0,-10.84610777,37.48,2896.0,-10.84610777,2896.0,37.48,37.48,322.0,4912.0,37.48,322.0,11.39,322.0,4912.0,1.49,1.49,590.4,original,[Mo][Y],4.85281
-10.84610777,-10.84610777,2896.0,2896.0,-10.84610777,2896.0,-10.84610777,4912.0,-10.84610777,37.48,2896.0,-10.84610777,2896.0,37.48,37.48,322.0,4912.0,37.48,322.0,7.068,322.0,4912.0,1.545,1.545,590.4,original,[Mo][Zn],4.95383
-10.84610777,-10.84610777,2896.0,2896.0,-10.84610777,2896.0,-10.84610777,4912.0,-10.84610777,37.48,2896.0,-10.84610777,2896.0,37.48,37.48,322.0,4912.0,37.48,322.0,24.44,322.0,4912.0,1.605,1.605,590.4,original,[Mo][As],4.85173
-10.84610777,-10.84610777,2896.0,2896.0,-10.84610777,2896.0,-10.84610777,4912.0,-10.84610777,37.48,2896.0,-10.84610777,2896.0,37.48,37.48,322.0,4912.0,37.48,322.0,36.94,322.0,4912.0,1.57,1.57,590.4,original,[Mo][Ge],4.99847
-10.84610777,-10.84610777,2896.0,2896.0,-10.84610777,3306.0,-10.84610777,4912.0,-10.84610777,37.48,2896.0,-10.84610777,2896.0,37.48,37.48,322.0,4912.0,37.48,322.0,37.48,322.0,4912.0,1.81,1.81,627.6,original,[Mo][Os],4.75024
-10.84610777,-10.84610777,2896.0,2896.0,-10.84610777,2896.0,-10.84610777,4912.0,-10.84610777,37.48,2896.0,-10.84610777,2896.0,37.48,37.48,322.0,4912.0,37.48,322.0,18.54,322.0,4912.0,1.71,1.71,590.4,original,[Mo][P],4.77354
-10.84610777,-10.84610777,2896.0,2896.0,-10.84610777,2896.0,-10.84610777,4912.0,-10.84610777,37.48,2896.0,-10.84610777,2896.0,37.48,37.48,322.0,4912.0,37.48,322.0,4.774,322.0,4912.0,1.46,1.46,590.4,original,[Mo][Pb],4.75637
-10.84610777,-10.84610777,2896.0,2896.0,-10.84610777,2896.0,-10.84610777,4912.0,-10.84610777,37.48,2896.0,-10.84610777,2896.0,37.48,37.48,322.0,4912.0,37.48,322.0,22.175,322.0,4912.0,1.775,1.775,590.4,original,[Mo][Pt],4.50807
-10.84610777,-10.84610777,2896.0,2896.0,-10.84610777,2896.0,-10.84610777,4912.0,-10.84610777,37.48,2896.0,-10.84610777,2896.0,37.48,37.48,322.0,4912.0,37.48,322.0,37.48,322.0,4912.0,1.8,1.8,590.4,original,[Mo][Ru],4.61105
-10.84610777,-10.84610777,2896.0,2896.0,-10.84610777,2896.0,-10.84610777,4912.0,-10.84610777,37.48,2896.0,-10.84610777,2896.0,37.48,37.48,322.0,4912.0,37.48,322.0,19.79,322.0,4912.0,1.515,1.515,590.4,original,[Mo][Sb],4.8968
-10.84610777,-10.84610777,2896.0,2896.0,-10.84610777,2896.0,-10.84610777,4912.0,-10.84610777,37.48,2896.0,-10.84610777,2896.0,37.48,37.48,322.0,4912.0,37.48,322.0,14.1,322.0,4912.0,1.52,1.52,590.4,original,[Mo][Sc],4.98989
-10.84610777,-10.84610777,2896.0,2896.0,-10.84610777,2896.0,-10.84610777,4912.0,-10.84610777,37.48,2896.0,-10.84610777,2896.0,37.48,37.48,322.0,4912.0,37.48,322.0,37.48,322.0,4912.0,1.635,1.635,590.4,original,[Mo][Si],4.92897
-10.84610777,-10.84610777,2896.0,2896.0,-10.84610777,2896.0,-10.84610777,4912.0,-10.84610777,37.48,2896.0,-10.84610777,2896.0,37.48,37.48,322.0,4912.0,37.48,322.0,7.15,322.0,4912.0,1.505,1.505,590.4,original,[Mo][Sn],4.89301
-10.84610777,-10.84610777,2896.0,2896.0,-10.84610777,2896.0,-10.84610777,4912.0,-10.84610777,37.48,2896.0,-10.84610777,2896.0,37.48,37.48,322.0,4912.0,37.48,322.0,14.15,322.0,4912.0,1.645,1.645,590.4,original,[Mo][Ti],5.04455
-10.84610777,-10.84610777,2896.0,2896.0,-10.84610777,2896.0,-10.84610777,4912.0,-10.84610777,37.48,2896.0,-10.84610777,2896.0,37.48,37.48,322.0,4912.0,37.48,322.0,4.142,322.0,4912.0,1.445,1.445,590.4,original,[Mo][Tl],4.71577
-10.84610777,-10.84610777,2896.0,2896.0,-10.84610777,2896.0,-10.84610777,4912.0,-10.84610777,37.48,2896.0,-10.84610777,2896.0,37.48,37.48,322.0,4912.0,37.48,322.0,21.0,322.0,4912.0,1.59,1.59,590.5,original,[Mo][Zr],4.95952
-5.54632457,-5.54632457,1728.0,1728.0,-5.54632457,1728.0,-5.54632457,3186.0,-5.54632457,17.48,1728.0,-5.54632457,1728.0,17.48,17.48,208.0,3186.0,17.48,208.0,17.48,208.0,3186.0,1.75,1.75,377.5,original,[Ni][Ni],2.9528
-5.54632457,-5.54632457,1728.0,1728.0,-5.54632457,1728.0,-5.54632457,3186.0,-5.54632457,17.48,1728.0,-5.54632457,1728.0,17.48,17.48,208.0,3186.0,17.48,208.0,11.3,208.0,3186.0,1.5550000000000002,1.5550000000000002,377.5,original,[Ni][Ag],2.76393
-5.54632457,-5.54632457,1728.0,1728.0,-5.54632457,1728.0,-5.54632457,3186.0,-5.54632457,17.48,1728.0,-5.54632457,1728.0,17.48,17.48,208.0,3186.0,17.48,208.0,10.71,208.0,3186.0,1.5699999999999998,1.5699999999999998,377.5,original,[Ni][Al],2.93619
-5.54632457,-5.54632457,1728.0,1728.0,-5.54632457,1728.0,-5.54632457,3186.0,-5.54632457,17.48,1728.0,-5.54632457,1728.0,17.48,17.48,208.0,3186.0,17.48,208.0,12.55,208.0,3186.0,1.66,1.66,377.5,original,[Ni][Au],2.70755
-5.54632457,-5.54632457,1728.0,1728.0,-5.54632457,1728.0,-5.54632457,3186.0,-5.54632457,17.48,1728.0,-5.54632457,1728.0,17.48,17.48,208.0,3186.0,17.48,208.0,11.106,208.0,3186.0,1.455,1.455,377.5,original,[Ni][Bi],2.42128
-5.54632457,-5.54632457,1728.0,1728.0,-5.54632457,1728.0,-5.54632457,3186.0,-5.54632457,17.48,1728.0,-5.54632457,1728.0,17.48,17.48,208.0,3186.0,17.48,208.0,6.21,208.0,3186.0,1.495,1.495,377.5,original,[Ni][Cd],2.69478
-5.54632457,-5.54632457,1728.0,1728.0,-5.54632457,1768.0,-5.54632457,3186.0,-5.54632457,17.48,1728.0,-5.54632457,1728.0,17.48,17.48,208.0,3186.0,17.48,208.0,16.2,208.0,3186.0,1.75,1.75,377.5,original,[Ni][Co],3.06804
-5.54632457,-5.54632457,1728.0,1728.0,-5.54632457,2180.0,-5.54632457,3186.0,-5.54632457,17.48,1728.0,-5.54632457,1728.0,17.48,17.48,208.0,3186.0,17.48,208.0,17.48,208.0,3186.0,1.74,1.74,377.5,original,[Ni][Cr],2.92294
-5.54632457,-5.54632457,1728.0,1728.0,-5.54632457,1728.0,-5.54632457,3186.0,-5.54632457,17.48,1728.0,-5.54632457,1728.0,17.48,17.48,208.0,3186.0,17.48,208.0,13.6,208.0,3186.0,1.61,1.61,377.5,original,[Ni][Cu],2.88422
-5.54632457,-5.54632457,1728.0,1728.0,-5.54632457,1811.0,-5.54632457,3186.0,-5.54632457,17.48,1728.0,-5.54632457,1728.0,17.48,17.48,208.0,3186.0,17.48,208.0,13.81,208.0,3186.0,1.76,1.76,377.5,original,[Ni][Fe],2.93702
-5.54632457,-5.54632457,1728.0,1728.0,-5.54632457,1728.0,-5.54632457,3186.0,-5.54632457,17.48,1728.0,-5.54632457,1728.0,17.48,17.48,208.0,3186.0,17.48,208.0,5.585,208.0,3186.0,1.53,1.53,377.5,original,[Ni][Ga],2.87822
-5.54632457,-5.54632457,1728.0,1728.0,-5.54632457,1728.0,-5.54632457,3186.0,-5.54632457,17.48,1728.0,-5.54632457,1728.0,17.48,17.48,208.0,3186.0,17.48,208.0,17.48,208.0,3186.0,1.56,1.56,377.5,original,[Ni][Ge],2.79661
-5.54632457,-5.54632457,1728.0,1728.0,-5.54632457,2506.0,-5.54632457,3186.0,-5.54632457,17.48,1728.0,-5.54632457,1728.0,17.48,17.48,208.0,3186.0,17.48,208.0,17.48,208.0,3186.0,1.6,1.6,661.07,original,[Ni][Hf],2.74196
-5.54632457,-5.54632457,1728.0,1728.0,-5.54632457,1728.0,-5.54632457,3186.0,-5.54632457,17.48,1728.0,-5.54632457,1728.0,17.48,17.48,208.0,3186.0,17.48,208.0,2.295,208.0,3186.0,1.495,1.495,377.5,original,[Ni][Hg],2.63922
-5.54632457,-5.54632457,1728.0,1728.0,-5.54632457,1728.0,-5.54632457,3186.0,-5.54632457,17.48,1728.0,-5.54632457,1728.0,17.48,17.48,208.0,3186.0,17.48,208.0,3.291,208.0,3186.0,1.46,1.46,377.5,original,[Ni][In],2.70238
-5.54632457,-5.54632457,1728.0,1728.0,-5.54632457,2739.0,-5.54632457,3186.0,-5.54632457,17.48,1728.0,-5.54632457,1728.0,17.48,17.48,208.0,3186.0,17.48,208.0,17.48,208.0,3186.0,1.79,1.79,563.58,original,[Ni][Ir],3.4554
-5.54632457,-5.54632457,1728.0,1728.0,-5.54632457,1728.0,-5.54632457,3186.0,-5.54632457,17.48,1728.0,-5.54632457,1728.0,17.48,17.48,208.0,3186.0,17.48,208.0,8.48,208.0,3186.0,1.46,1.46,377.5,original,[Ni][Mg],2.84823
-5.54632457,-5.54632457,1728.0,1728.0,-5.54632457,1728.0,-5.54632457,3186.0,-5.54632457,17.48,1728.0,-5.54632457,1728.0,17.48,17.48,208.0,3186.0,17.48,208.0,12.91,208.0,3186.0,1.6800000000000002,1.6800000000000002,377.5,original,[Ni][Mn],2.93738
-5.54632457,-5.54632457,1728.0,1728.0,-5.54632457,2896.0,-5.54632457,3186.0,-5.54632457,17.48,1728.0,-5.54632457,1728.0,17.48,17.48,208.0,3186.0,17.48,208.0,17.48,208.0,3186.0,1.76,1.76,590.4,original,[Ni][Mo],2.98791
-5.54632457,-5.54632457,1728.0,1728.0,-5.54632457,2750.0,-5.54632457,3186.0,-5.54632457,17.48,1728.0,-5.54632457,1728.0,17.48,17.48,208.0,3186.0,17.48,208.0,17.48,208.0,3186.0,1.6949999999999998,1.6949999999999998,690.1,original,[Ni][Nb],2.86462
-5.54632457,-5.54632457,1728.0,1728.0,-5.54632457,3306.0,-5.54632457,3186.0,-5.54632457,17.48,1728.0,-5.54632457,1728.0,17.48,17.48,208.0,3186.0,17.48,208.0,17.48,208.0,3186.0,1.8,1.8,627.6,original,[Ni][Os],3.5381
-5.54632457,-5.54632457,1728.0,1728.0,-5.54632457,1728.0,-5.54632457,3186.0,-5.54632457,17.48,1728.0,-5.54632457,1728.0,17.48,17.48,208.0,3186.0,17.48,208.0,4.774,208.0,3186.0,1.45,1.45,377.5,original,[Ni][Pb],2.51994
-5.54632457,-5.54632457,1728.0,1728.0,-5.54632457,1828.05,-5.54632457,3186.0,-5.54632457,17.48,1728.0,-5.54632457,1728.0,17.48,17.48,208.0,3186.0,17.48,208.0,16.74,208.0,3186.0,1.71,1.71,393.3,original,[Ni][Pd],2.81443
-5.54632457,-5.54632457,1728.0,1728.0,-5.54632457,2041.4,-5.54632457,3186.0,-5.54632457,17.48,1728.0,-5.54632457,1728.0,17.48,17.48,208.0,3186.0,17.48,208.0,17.48,208.0,3186.0,1.765,1.765,510.45,original,[Ni][Pt],3.06244
-5.54632457,-5.54632457,1728.0,1728.0,-5.54632457,3459.0,-5.54632457,3186.0,-5.54632457,17.48,1728.0,-5.54632457,1728.0,17.48,17.48,208.0,3186.0,17.48,208.0,17.48,208.0,3186.0,1.8,1.8,707.1,original,[Ni][Re],3.45954
-5.54632457,-5.54632457,1728.0,1728.0,-5.54632457,2237.0,-5.54632457,3186.0,-5.54632457,17.48,1728.0,-5.54632457,1728.0,17.48,17.48,208.0,3186.0,17.48,208.0,17.48,208.0,3186.0,1.755,1.755,495.39,original,[Ni][Rh],3.1518
-5.54632457,-5.54632457,1728.0,1728.0,-5.54632457,2607.0,-5.54632457,3186.0,-5.54632457,17.48,1728.0,-5.54632457,1728.0,17.48,17.48,208.0,3186.0,17.48,208.0,17.48,208.0,3186.0,1.79,1.79,567.77,original,[Ni][Ru],3.20734
-5.54632457,-5.54632457,1728.0,1728.0,-5.54632457,1728.0,-5.54632457,3186.0,-5.54632457,17.48,1728.0,-5.54632457,1728.0,17.48,17.48,208.0,3186.0,17.48,208.0,1.721,208.0,3186.0,0.875,0.875,377.5,original,[Ni][S],2.15778
-5.54632457,-5.54632457,1728.0,1728.0,-5.54632457,1728.0,-5.54632457,3186.0,-5.54632457,17.48,1728.0,-5.54632457,1728.0,17.48,17.48,208.0,3186.0,17.48,208.0,17.48,208.0,3186.0,1.505,1.505,377.5,original,[Ni][Sb],2.67569
-5.54632457,-5.54632457,1728.0,1728.0,-5.54632457,1814.0,-5.54632457,3186.0,-5.54632457,17.48,1728.0,-5.54632457,1728.0,17.48,17.48,208.0,3186.0,17.48,208.0,14.1,208.0,3186.0,1.51,1.51,377.5,original,[Ni][Sc],2.69859
-5.54632457,-5.54632457,1728.0,1728.0,-5.54632457,1728.0,-5.54632457,3186.0,-5.54632457,17.48,1728.0,-5.54632457,1728.0,17.48,17.48,208.0,3186.0,17.48,208.0,17.48,208.0,3186.0,1.625,1.625,377.5,original,[Ni][Si],2.71012
-5.54632457,-5.54632457,1728.0,1728.0,-5.54632457,1728.0,-5.54632457,3186.0,-5.54632457,17.48,1728.0,-5.54632457,1728.0,17.48,17.48,208.0,3186.0,17.48,208.0,7.15,208.0,3186.0,1.495,1.495,377.5,original,[Ni][Sn],2.70727
-5.54632457,-5.54632457,1728.0,1728.0,-5.54632457,3290.0,-5.54632457,3186.0,-5.54632457,17.48,1728.0,-5.54632457,1728.0,17.48,17.48,208.0,3186.0,17.48,208.0,17.48,208.0,3186.0,1.69,1.69,737.0,original,[Ni][Ta],2.8567
-5.54632457,-5.54632457,1728.0,1728.0,-5.54632457,2430.0,-5.54632457,3186.0,-5.54632457,17.48,1728.0,-5.54632457,1728.0,17.48,17.48,208.0,3186.0,17.48,208.0,17.48,208.0,3186.0,1.78,1.78,502.0,original,[Ni][Tc],3.14028
-5.54632457,-5.54632457,1728.0,1728.0,-5.54632457,1941.0,-5.54632457,3186.0,-5.54632457,17.48,1728.0,-5.54632457,1728.0,17.48,17.48,208.0,3186.0,17.48,208.0,14.15,208.0,3186.0,1.635,1.635,425.2,original,[Ni][Ti],2.91783
-5.54632457,-5.54632457,1728.0,1728.0,-5.54632457,1728.0,-5.54632457,3186.0,-5.54632457,17.48,1728.0,-5.54632457,1728.0,17.48,17.48,208.0,3186.0,17.48,208.0,4.142,208.0,3186.0,1.435,1.435,377.5,original,[Ni][Tl],2.57275
-5.54632457,-5.54632457,1728.0,1728.0,-5.54632457,2183.0,-5.54632457,3186.0,-5.54632457,17.48,1728.0,-5.54632457,1728.0,17.48,17.48,208.0,3186.0,17.48,208.0,17.48,208.0,3186.0,1.6949999999999998,1.6949999999999998,446.7,original,[Ni][V],2.94973
-5.54632457,-5.54632457,1728.0,1728.0,-5.54632457,3695.0,-5.54632457,3186.0,-5.54632457,17.48,1728.0,-5.54632457,1728.0,17.48,17.48,208.0,3186.0,17.48,208.0,17.48,208.0,3186.0,1.78,1.78,422.58,original,[Ni][W],3.19678
-5.54632457,-5.54632457,1728.0,1728.0,-5.54632457,1728.0,-5.54632457,3186.0,-5.54632457,17.48,1728.0,-5.54632457,1728.0,17.48,17.48,208.0,3186.0,17.48,208.0,7.068,208.0,3186.0,1.535,1.535,377.5,original,[Ni][Zn],2.89612
-5.54632457,-5.54632457,1728.0,1728.0,-5.54632457,2128.0,-5.54632457,3186.0,-5.54632457,17.48,1728.0,-5.54632457,1728.0,17.48,17.48,208.0,3186.0,17.48,208.0,17.48,208.0,3186.0,1.58,1.58,590.5,original,[Ni][Zr],2.64715
-3.62902961,-3.62902961,600.61,600.61,-3.62902961,600.61,-3.62902961,2022.0,-3.62902961,4.774,600.61,-3.62902961,600.61,4.774,4.774,20.0,2022.0,4.774,20.0,4.774,20.0,2022.0,1.15,1.15,177.9,original,[Pb][Pb],1.0788
-3.62902961,-3.62902961,600.61,600.61,-3.62902961,1234.93,-3.62902961,2022.0,-3.62902961,4.774,600.61,-3.62902961,600.61,4.774,4.774,20.0,2022.0,4.774,20.0,4.774,20.0,2022.0,1.255,1.255,250.63,original,[Pb][Ag],0.81681
-3.62902961,-3.62902961,600.61,600.61,-3.62902961,600.61,-3.62902961,2022.0,-3.62902961,4.774,600.61,-3.62902961,600.61,4.774,4.774,20.0,2022.0,4.774,20.0,4.774,20.0,2022.0,1.1949999999999998,1.1949999999999998,177.9,original,[Pb][Cd],0.94688
-3.62902961,-3.62902961,600.61,600.61,-3.62902961,2896.0,-3.62902961,2022.0,-3.62902961,4.774,600.61,-3.62902961,600.61,4.774,4.774,20.0,2022.0,4.774,20.0,4.774,20.0,2022.0,1.46,1.46,590.4,original,[Pb][Mo],1.6152
-3.62902961,-3.62902961,600.61,600.61,-3.62902961,2750.0,-3.62902961,2022.0,-3.62902961,4.774,600.61,-3.62902961,600.61,4.774,4.774,20.0,2022.0,4.774,20.0,4.774,20.0,2022.0,1.395,1.395,690.1,original,[Pb][Nb],1.6703
-3.62902961,-3.62902961,600.61,600.61,-3.62902961,1828.05,-3.62902961,2022.0,-3.62902961,4.774,600.61,-3.62902961,600.61,4.774,4.774,20.0,2022.0,4.774,20.0,4.774,20.0,2022.0,1.41,1.41,393.3,original,[Pb][Pd],0.87359
-3.62902961,-3.62902961,600.61,600.61,-3.62902961,1799.0,-3.62902961,2022.0,-3.62902961,4.774,600.61,-3.62902961,600.61,4.774,4.774,20.0,2022.0,4.774,20.0,4.774,20.0,2022.0,1.18,1.18,393.3,original,[Pb][Y],1.28672
-3.62902961,-3.62902961,600.61,600.61,-3.62902961,2128.0,-3.62902961,2022.0,-3.62902961,4.774,600.61,-3.62902961,600.61,4.774,4.774,20.0,2022.0,4.774,20.0,4.774,20.0,2022.0,1.2799999999999998,1.2799999999999998,590.5,original,[Pb][Zr],1.5886
-5.13777457,-5.13777457,1828.05,1828.05,-5.13777457,1828.05,-5.13777457,3236.0,-5.13777457,16.74,1828.05,-5.13777457,1828.05,16.74,16.74,127.0,3236.0,16.74,127.0,16.74,127.0,3236.0,1.67,1.67,393.3,original,[Pd][Pd],2.646
-5.13777457,-5.13777457,1828.05,1828.05,-5.13777457,1828.05,-5.13777457,3236.0,-5.13777457,16.74,1828.05,-5.13777457,1828.05,16.74,16.74,127.0,3236.0,16.74,127.0,11.3,127.0,3236.0,1.515,1.515,393.3,original,[Pd][Ag],2.53626
-5.13777457,-5.13777457,1828.05,1828.05,-5.13777457,1828.05,-5.13777457,3236.0,-5.13777457,16.74,1828.05,-5.13777457,1828.05,16.74,16.74,127.0,3236.0,16.74,127.0,12.55,127.0,3236.0,1.62,1.62,393.3,original,[Pd][Au],2.52855
-5.13777457,-5.13777457,1828.05,1828.05,-5.13777457,1828.05,-5.13777457,3236.0,-5.13777457,16.74,1828.05,-5.13777457,1828.05,16.74,16.74,127.0,3236.0,16.74,127.0,6.21,127.0,3236.0,1.455,1.455,393.3,original,[Pd][Cd],2.47774
-5.13777457,-5.13777457,1828.05,1828.05,-5.13777457,1828.05,-5.13777457,3236.0,-5.13777457,16.74,1828.05,-5.13777457,1828.05,16.74,16.74,127.0,3236.0,16.74,127.0,16.2,127.0,3236.0,1.71,1.71,393.3,original,[Pd][Co],2.64417
-5.13777457,-5.13777457,1828.05,1828.05,-5.13777457,2180.0,-5.13777457,3236.0,-5.13777457,16.74,1828.05,-5.13777457,1828.05,16.74,16.74,127.0,3236.0,16.74,127.0,16.74,127.0,3236.0,1.7,1.7,393.3,original,[Pd][Cr],3.14051
-5.13777457,-5.13777457,1828.05,1828.05,-5.13777457,1828.05,-5.13777457,3236.0,-5.13777457,16.74,1828.05,-5.13777457,1828.05,16.74,16.74,127.0,3236.0,16.74,127.0,13.6,127.0,3236.0,1.5699999999999998,1.5699999999999998,393.3,original,[Pd][Cu],2.53568
-5.13777457,-5.13777457,1828.05,1828.05,-5.13777457,1828.05,-5.13777457,3236.0,-5.13777457,16.74,1828.05,-5.13777457,1828.05,16.74,16.74,127.0,3236.0,16.74,127.0,13.81,127.0,3236.0,1.72,1.72,393.3,original,[Pd][Fe],2.81947
-5.13777457,-5.13777457,1828.05,1828.05,-5.13777457,2506.0,-5.13777457,3236.0,-5.13777457,16.74,1828.05,-5.13777457,1828.05,16.74,16.74,127.0,3236.0,16.74,127.0,16.74,127.0,3236.0,1.56,1.56,661.07,original,[Pd][Hf],2.88661
-5.13777457,-5.13777457,1828.05,1828.05,-5.13777457,1828.05,-5.13777457,3236.0,-5.13777457,16.74,1828.05,-5.13777457,1828.05,16.74,16.74,127.0,3236.0,16.74,127.0,2.295,127.0,3236.0,1.455,1.455,393.3,original,[Pd][Hg],2.3763
-5.13777457,-5.13777457,1828.05,1828.05,-5.13777457,2739.0,-5.13777457,3236.0,-5.13777457,16.74,1828.05,-5.13777457,1828.05,16.74,16.74,127.0,3236.0,16.74,127.0,16.74,127.0,3236.0,1.75,1.75,563.58,original,[Pd][Ir],3.18873
-5.13777457,-5.13777457,1828.05,1828.05,-5.13777457,1828.05,-5.13777457,3236.0,-5.13777457,16.74,1828.05,-5.13777457,1828.05,16.74,16.74,127.0,3236.0,16.74,127.0,6.2,127.0,3236.0,1.4249999999999998,1.4249999999999998,399.57,original,[Pd][La],1.70667
-5.13777457,-5.13777457,1828.05,1828.05,-5.13777457,1828.05,-5.13777457,3236.0,-5.13777457,16.74,1828.05,-5.13777457,1828.05,16.74,16.74,127.0,3236.0,16.74,127.0,12.91,127.0,3236.0,1.64,1.64,393.3,original,[Pd][Mn],2.98927
-5.13777457,-5.13777457,1828.05,1828.05,-5.13777457,2896.0,-5.13777457,3236.0,-5.13777457,16.74,1828.05,-5.13777457,1828.05,16.74,16.74,127.0,3236.0,16.74,127.0,16.74,127.0,3236.0,1.72,1.72,590.4,original,[Pd][Mo],3.66703
-5.13777457,-5.13777457,1828.05,1828.05,-5.13777457,2750.0,-5.13777457,3236.0,-5.13777457,16.74,1828.05,-5.13777457,1828.05,16.74,16.74,127.0,3236.0,16.74,127.0,16.74,127.0,3236.0,1.6549999999999998,1.6549999999999998,690.1,original,[Pd][Nb],3.34044
-5.13777457,-5.13777457,1828.05,1828.05,-5.13777457,1828.05,-5.13777457,3236.0,-5.13777457,16.74,1828.05,-5.13777457,1828.05,16.74,16.74,127.0,3236.0,16.74,127.0,16.74,127.0,3236.0,1.71,1.71,393.3,original,[Pd][Ni],2.51311
-5.13777457,-5.13777457,1828.05,1828.05,-5.13777457,3306.0,-5.13777457,3236.0,-5.13777457,16.74,1828.05,-5.13777457,1828.05,16.74,16.74,127.0,3236.0,16.74,127.0,16.74,127.0,3236.0,1.76,1.76,627.6,original,[Pd][Os],3.59298
-5.13777457,-5.13777457,1828.05,1828.05,-5.13777457,2041.4,-5.13777457,3236.0,-5.13777457,16.74,1828.05,-5.13777457,1828.05,16.74,16.74,127.0,3236.0,16.74,127.0,16.74,127.0,3236.0,1.725,1.725,510.45,original,[Pd][Pt],2.81414
-5.13777457,-5.13777457,1828.05,1828.05,-5.13777457,3459.0,-5.13777457,3236.0,-5.13777457,16.74,1828.05,-5.13777457,1828.05,16.74,16.74,127.0,3236.0,16.74,127.0,16.74,127.0,3236.0,1.76,1.76,707.1,original,[Pd][Re],3.90857
-5.13777457,-5.13777457,1828.05,1828.05,-5.13777457,2237.0,-5.13777457,3236.0,-5.13777457,16.74,1828.05,-5.13777457,1828.05,16.74,16.74,127.0,3236.0,16.74,127.0,16.74,127.0,3236.0,1.715,1.715,495.39,original,[Pd][Rh],2.91192
-5.13777457,-5.13777457,1828.05,1828.05,-5.13777457,2607.0,-5.13777457,3236.0,-5.13777457,16.74,1828.05,-5.13777457,1828.05,16.74,16.74,127.0,3236.0,16.74,127.0,16.74,127.0,3236.0,1.75,1.75,567.77,original,[Pd][Ru],3.24624
-5.13777457,-5.13777457,1828.05,1828.05,-5.13777457,1828.05,-5.13777457,3236.0,-5.13777457,16.74,1828.05,-5.13777457,1828.05,16.74,16.74,127.0,3236.0,16.74,127.0,14.1,127.0,3236.0,1.47,1.47,393.3,original,[Pd][Sc],2.66382
-5.13777457,-5.13777457,1828.05,1828.05,-5.13777457,3290.0,-5.13777457,3236.0,-5.13777457,16.74,1828.05,-5.13777457,1828.05,16.74,16.74,127.0,3236.0,16.74,127.0,16.74,127.0,3236.0,1.65,1.65,737.0,original,[Pd][Ta],3.4692
-5.13777457,-5.13777457,1828.05,1828.05,-5.13777457,2430.0,-5.13777457,3236.0,-5.13777457,16.74,1828.05,-5.13777457,1828.05,16.74,16.74,127.0,3236.0,16.74,127.0,16.74,127.0,3236.0,1.74,1.74,502.0,original,[Pd][Tc],3.56999
-5.13777457,-5.13777457,1828.05,1828.05,-5.13777457,1941.0,-5.13777457,3236.0,-5.13777457,16.74,1828.05,-5.13777457,1828.05,16.74,16.74,127.0,3236.0,16.74,127.0,14.15,127.0,3236.0,1.595,1.595,425.2,original,[Pd][Ti],2.8257
-5.13777457,-5.13777457,1828.05,1828.05,-5.13777457,2183.0,-5.13777457,3236.0,-5.13777457,16.74,1828.05,-5.13777457,1828.05,16.74,16.74,127.0,3236.0,16.74,127.0,16.74,127.0,3236.0,1.6549999999999998,1.6549999999999998,446.7,original,[Pd][V],3.13015
-5.13777457,-5.13777457,1828.05,1828.05,-5.13777457,3695.0,-5.13777457,3236.0,-5.13777457,16.74,1828.05,-5.13777457,1828.05,16.74,16.74,127.0,3236.0,16.74,127.0,16.74,127.0,3236.0,1.74,1.74,422.58,original,[Pd][W],3.88576
-5.13777457,-5.13777457,1828.05,1828.05,-5.13777457,1828.05,-5.13777457,3236.0,-5.13777457,16.74,1828.05,-5.13777457,1828.05,16.74,16.74,127.0,3236.0,16.74,127.0,11.39,127.0,3236.0,1.44,1.44,393.3,original,[Pd][Y],2.32123
-5.13777457,-5.13777457,1828.05,1828.05,-5.13777457,1828.05,-5.13777457,3236.0,-5.13777457,16.74,1828.05,-5.13777457,1828.05,16.74,16.74,127.0,3236.0,16.74,127.0,7.068,127.0,3236.0,1.495,1.495,393.3,original,[Pd][Zn],2.53447
-5.13777457,-5.13777457,1828.05,1828.05,-5.13777457,2128.0,-5.13777457,3236.0,-5.13777457,16.74,1828.05,-5.13777457,1828.05,16.74,16.74,127.0,3236.0,16.74,127.0,16.74,127.0,3236.0,1.54,1.54,590.5,original,[Pd][Zr],2.75424
-6.02850968,-6.02850968,2041.4,2041.4,-6.02850968,2041.4,-6.02850968,4098.0,-6.02850968,22.175,2041.4,-6.02850968,2041.4,22.175,22.175,175.0,4098.0,22.175,175.0,22.175,175.0,4098.0,1.78,1.78,510.45,original,[Pt][Pt],2.6764
-6.02850968,-6.02850968,2041.4,2041.4,-6.02850968,2041.4,-6.02850968,4098.0,-6.02850968,22.175,2041.4,-6.02850968,2041.4,22.175,22.175,175.0,4098.0,22.175,175.0,11.3,175.0,4098.0,1.57,1.57,510.45,original,[Pt][Ag],2.70488
-6.02850968,-6.02850968,2041.4,2041.4,-6.02850968,2041.4,-6.02850968,4098.0,-6.02850968,22.175,2041.4,-6.02850968,2041.4,22.175,22.175,175.0,4098.0,22.175,175.0,12.55,175.0,4098.0,1.675,1.675,510.45,original,[Pt][Au],2.5919
-6.02850968,-6.02850968,2041.4,2041.4,-6.02850968,2041.4,-6.02850968,4098.0,-6.02850968,22.175,2041.4,-6.02850968,2041.4,22.175,22.175,175.0,4098.0,22.175,175.0,6.21,175.0,4098.0,1.51,1.51,510.45,original,[Pt][Cd],2.59881
-6.02850968,-6.02850968,2041.4,2041.4,-6.02850968,2041.4,-6.02850968,4098.0,-6.02850968,22.175,2041.4,-6.02850968,2041.4,22.175,22.175,175.0,4098.0,22.175,175.0,16.2,175.0,4098.0,1.765,1.765,510.45,original,[Pt][Co],2.55821
-6.02850968,-6.02850968,2041.4,2041.4,-6.02850968,2180.0,-6.02850968,4098.0,-6.02850968,22.175,2041.4,-6.02850968,2041.4,22.175,22.175,175.0,4098.0,22.175,175.0,21.0,175.0,4098.0,1.755,1.755,510.45,original,[Pt][Cr],3.27821
-6.02850968,-6.02850968,2041.4,2041.4,-6.02850968,2041.4,-6.02850968,4098.0,-6.02850968,22.175,2041.4,-6.02850968,2041.4,22.175,22.175,175.0,4098.0,22.175,175.0,13.6,175.0,4098.0,1.625,1.625,510.45,original,[Pt][Cu],2.78163
-6.02850968,-6.02850968,2041.4,2041.4,-6.02850968,2041.4,-6.02850968,4098.0,-6.02850968,22.175,2041.4,-6.02850968,2041.4,22.175,22.175,175.0,4098.0,22.175,175.0,13.81,175.0,4098.0,1.775,1.775,510.45,original,[Pt][Fe],2.79402
-6.02850968,-6.02850968,2041.4,2041.4,-6.02850968,2506.0,-6.02850968,4098.0,-6.02850968,22.175,2041.4,-6.02850968,2041.4,22.175,22.175,175.0,4098.0,22.175,175.0,22.175,175.0,4098.0,1.615,1.615,661.07,original,[Pt][Hf],3.09901
-6.02850968,-6.02850968,2041.4,2041.4,-6.02850968,2041.4,-6.02850968,4098.0,-6.02850968,22.175,2041.4,-6.02850968,2041.4,22.175,22.175,175.0,4098.0,22.175,175.0,2.295,175.0,4098.0,1.51,1.51,510.45,original,[Pt][Hg],2.44997
-6.02850968,-6.02850968,2041.4,2041.4,-6.02850968,2739.0,-6.02850968,4098.0,-6.02850968,22.175,2041.4,-6.02850968,2041.4,22.175,22.175,175.0,4098.0,22.175,175.0,22.175,175.0,4098.0,1.805,1.805,563.58,original,[Pt][Ir],3.13268
-6.02850968,-6.02850968,2041.4,2041.4,-6.02850968,2041.4,-6.02850968,4098.0,-6.02850968,22.175,2041.4,-6.02850968,2041.4,22.175,22.175,175.0,4098.0,22.175,175.0,6.2,175.0,4098.0,1.48,1.48,510.45,original,[Pt][La],1.22709
-6.02850968,-6.02850968,2041.4,2041.4,-6.02850968,2041.4,-6.02850968,4098.0,-6.02850968,22.175,2041.4,-6.02850968,2041.4,22.175,22.175,175.0,4098.0,22.175,175.0,12.91,175.0,4098.0,1.695,1.695,510.45,original,[Pt][Mn],3.04415
-6.02850968,-6.02850968,2041.4,2041.4,-6.02850968,2896.0,-6.02850968,4098.0,-6.02850968,22.175,2041.4,-6.02850968,2041.4,22.175,22.175,175.0,4098.0,22.175,175.0,22.175,175.0,4098.0,1.775,1.775,590.4,original,[Pt][Mo],3.96811
-6.02850968,-6.02850968,2041.4,2041.4,-6.02850968,2750.0,-6.02850968,4098.0,-6.02850968,22.175,2041.4,-6.02850968,2041.4,22.175,22.175,175.0,4098.0,22.175,175.0,22.175,175.0,4098.0,1.71,1.71,690.1,original,[Pt][Nb],3.64272
-6.02850968,-6.02850968,2041.4,2041.4,-6.02850968,2041.4,-6.02850968,4098.0,-6.02850968,22.175,2041.4,-6.02850968,2041.4,22.175,22.175,175.0,4098.0,22.175,175.0,17.48,175.0,4098.0,1.765,1.765,510.45,original,[Pt][Ni],2.56024
-6.02850968,-6.02850968,2041.4,2041.4,-6.02850968,3306.0,-6.02850968,4098.0,-6.02850968,22.175,2041.4,-6.02850968,2041.4,22.175,22.175,175.0,4098.0,22.175,175.0,22.175,175.0,4098.0,1.815,1.815,627.6,original,[Pt][Os],3.65457
-6.02850968,-6.02850968,2041.4,2041.4,-6.02850968,2041.4,-6.02850968,4098.0,-6.02850968,22.175,2041.4,-6.02850968,2041.4,22.175,22.175,175.0,4098.0,22.175,175.0,16.74,175.0,4098.0,1.725,1.725,510.45,original,[Pt][Pd],2.7125
-6.02850968,-6.02850968,2041.4,2041.4,-6.02850968,3459.0,-6.02850968,4098.0,-6.02850968,22.175,2041.4,-6.02850968,2041.4,22.175,22.175,175.0,4098.0,22.175,175.0,22.175,175.0,4098.0,1.815,1.815,707.1,original,[Pt][Re],4.11265
-6.02850968,-6.02850968,2041.4,2041.4,-6.02850968,2237.0,-6.02850968,4098.0,-6.02850968,22.175,2041.4,-6.02850968,2041.4,22.175,22.175,175.0,4098.0,22.175,175.0,22.175,175.0,4098.0,1.77,1.77,510.45,original,[Pt][Rh],2.89242
-6.02850968,-6.02850968,2041.4,2041.4,-6.02850968,2607.0,-6.02850968,4098.0,-6.02850968,22.175,2041.4,-6.02850968,2041.4,22.175,22.175,175.0,4098.0,22.175,175.0,22.175,175.0,4098.0,1.805,1.805,567.77,original,[Pt][Ru],3.32562
-6.02850968,-6.02850968,2041.4,2041.4,-6.02850968,2041.4,-6.02850968,4098.0,-6.02850968,22.175,2041.4,-6.02850968,2041.4,22.175,22.175,175.0,4098.0,22.175,175.0,14.1,175.0,4098.0,1.525,1.525,510.45,original,[Pt][Sc],2.85119
-6.02850968,-6.02850968,2041.4,2041.4,-6.02850968,3290.0,-6.02850968,4098.0,-6.02850968,22.175,2041.4,-6.02850968,2041.4,22.175,22.175,175.0,4098.0,22.175,175.0,22.175,175.0,4098.0,1.705,1.705,737.0,original,[Pt][Ta],3.74965
-6.02850968,-6.02850968,2041.4,2041.4,-6.02850968,2430.0,-6.02850968,4098.0,-6.02850968,22.175,2041.4,-6.02850968,2041.4,22.175,22.175,175.0,4098.0,22.175,175.0,22.175,175.0,4098.0,1.795,1.795,510.45,original,[Pt][Tc],3.78262
-6.02850968,-6.02850968,2041.4,2041.4,-6.02850968,2041.4,-6.02850968,4098.0,-6.02850968,22.175,2041.4,-6.02850968,2041.4,22.175,22.175,175.0,4098.0,22.175,175.0,14.15,175.0,4098.0,1.65,1.65,510.45,original,[Pt][Ti],3.05607
-6.02850968,-6.02850968,2041.4,2041.4,-6.02850968,2183.0,-6.02850968,4098.0,-6.02850968,22.175,2041.4,-6.02850968,2041.4,22.175,22.175,175.0,4098.0,22.175,175.0,21.5,175.0,4098.0,1.71,1.71,510.45,original,[Pt][V],3.33673
-6.02850968,-6.02850968,2041.4,2041.4,-6.02850968,3695.0,-6.02850968,4098.0,-6.02850968,22.175,2041.4,-6.02850968,2041.4,22.175,22.175,175.0,4098.0,22.175,175.0,22.175,175.0,4098.0,1.795,1.795,510.45,original,[Pt][W],4.17153
-6.02850968,-6.02850968,2041.4,2041.4,-6.02850968,2041.4,-6.02850968,4098.0,-6.02850968,22.175,2041.4,-6.02850968,2041.4,22.175,22.175,175.0,4098.0,22.175,175.0,11.39,175.0,4098.0,1.495,1.495,510.45,original,[Pt][Y],2.31825
-6.02850968,-6.02850968,2041.4,2041.4,-6.02850968,2041.4,-6.02850968,4098.0,-6.02850968,22.175,2041.4,-6.02850968,2041.4,22.175,22.175,175.0,4098.0,22.175,175.0,7.068,175.0,4098.0,1.55,1.55,510.45,original,[Pt][Zn],2.80416
-6.02850968,-6.02850968,2041.4,2041.4,-6.02850968,2128.0,-6.02850968,4098.0,-6.02850968,22.175,2041.4,-6.02850968,2041.4,22.175,22.175,175.0,4098.0,22.175,175.0,21.0,175.0,4098.0,1.595,1.595,590.5,original,[Pt][Zr],2.94058
-12.95880062,-12.95880062,3695.0,3695.0,-12.95880062,3695.0,-12.95880062,5828.0,-12.95880062,52.31,3695.0,-12.95880062,3695.0,52.31,52.31,401.0,5828.0,52.31,401.0,52.31,401.0,5828.0,1.81,1.81,422.58,original,[W][W],6.1471
-12.95880062,-12.95880062,3695.0,3695.0,-12.95880062,3695.0,-12.95880062,5828.0,-12.95880062,52.31,3695.0,-12.95880062,3695.0,52.31,52.31,401.0,5828.0,52.31,401.0,11.3,401.0,5828.0,1.585,1.585,422.58,original,[W][Ag],5.71306
-12.95880062,-12.95880062,3695.0,3695.0,-12.95880062,3695.0,-12.95880062,5828.0,-12.95880062,52.31,3695.0,-12.95880062,3695.0,52.31,52.31,401.0,5828.0,52.31,401.0,10.71,401.0,5828.0,1.6,1.6,422.58,original,[W][Al],6.168
-12.95880062,-12.95880062,3695.0,3695.0,-12.95880062,3695.0,-12.95880062,5828.0,-12.95880062,52.31,3695.0,-12.95880062,3695.0,52.31,52.31,401.0,5828.0,52.31,401.0,24.44,401.0,5828.0,1.625,1.625,422.58,original,[W][As],5.92017
-12.95880062,-12.95880062,3695.0,3695.0,-12.95880062,3695.0,-12.95880062,5828.0,-12.95880062,52.31,3695.0,-12.95880062,3695.0,52.31,52.31,401.0,5828.0,52.31,401.0,12.55,401.0,5828.0,1.69,1.69,422.58,original,[W][Au],5.48304
-12.95880062,-12.95880062,3695.0,3695.0,-12.95880062,3695.0,-12.95880062,5828.0,-12.95880062,52.31,3695.0,-12.95880062,3695.0,52.31,52.31,401.0,5828.0,52.31,401.0,8.54,401.0,5828.0,1.36,1.36,422.58,original,[W][Ca],5.86536
-12.95880062,-12.95880062,3695.0,3695.0,-12.95880062,3695.0,-12.95880062,5828.0,-12.95880062,52.31,3695.0,-12.95880062,3695.0,52.31,52.31,401.0,5828.0,52.31,401.0,6.21,401.0,5828.0,1.525,1.525,422.58,original,[W][Cd],5.8218
-12.95880062,-12.95880062,3695.0,3695.0,-12.95880062,3695.0,-12.95880062,5828.0,-12.95880062,52.31,3695.0,-12.95880062,3695.0,52.31,52.31,401.0,5828.0,52.31,401.0,16.2,401.0,5828.0,1.78,1.78,422.58,original,[W][Co],5.64026
-12.95880062,-12.95880062,3695.0,3695.0,-12.95880062,3695.0,-12.95880062,5828.0,-12.95880062,52.31,3695.0,-12.95880062,3695.0,52.31,52.31,401.0,5828.0,52.31,401.0,21.0,401.0,5828.0,1.77,1.77,422.58,original,[W][Cr],5.99785
-12.95880062,-12.95880062,3695.0,3695.0,-12.95880062,3695.0,-12.95880062,5828.0,-12.95880062,52.31,3695.0,-12.95880062,3695.0,52.31,52.31,401.0,5828.0,52.31,401.0,13.6,401.0,5828.0,1.64,1.64,422.58,original,[W][Cu],5.96294
-12.95880062,-12.95880062,3695.0,3695.0,-12.95880062,3695.0,-12.95880062,5828.0,-12.95880062,52.31,3695.0,-12.95880062,3695.0,52.31,52.31,401.0,5828.0,52.31,401.0,13.81,401.0,5828.0,1.79,1.79,422.58,original,[W][Fe],5.40392
-12.95880062,-12.95880062,3695.0,3695.0,-12.95880062,3695.0,-12.95880062,5828.0,-12.95880062,52.31,3695.0,-12.95880062,3695.0,52.31,52.31,401.0,5828.0,52.31,401.0,5.585,401.0,5828.0,1.56,1.56,422.58,original,[W][Ga],6.09089
-12.95880062,-12.95880062,3695.0,3695.0,-12.95880062,3695.0,-12.95880062,5828.0,-12.95880062,52.31,3695.0,-12.95880062,3695.0,52.31,52.31,401.0,5828.0,52.31,401.0,36.94,401.0,5828.0,1.59,1.59,422.58,original,[W][Ge],6.02651
-12.95880062,-12.95880062,3695.0,3695.0,-12.95880062,3695.0,-12.95880062,5828.0,-12.95880062,52.31,3695.0,-12.95880062,3695.0,52.31,52.31,401.0,5828.0,52.31,401.0,27.2,401.0,5828.0,1.63,1.63,661.07,original,[W][Hf],6.1037
-12.95880062,-12.95880062,3695.0,3695.0,-12.95880062,3695.0,-12.95880062,5828.0,-12.95880062,52.31,3695.0,-12.95880062,3695.0,52.31,52.31,401.0,5828.0,52.31,401.0,2.295,401.0,5828.0,1.525,1.525,422.58,original,[W][Hg],5.65703
-12.95880062,-12.95880062,3695.0,3695.0,-12.95880062,3695.0,-12.95880062,5828.0,-12.95880062,52.31,3695.0,-12.95880062,3695.0,52.31,52.31,401.0,5828.0,52.31,401.0,3.291,401.0,5828.0,1.49,1.49,422.58,original,[W][In],5.92236
-12.95880062,-12.95880062,3695.0,3695.0,-12.95880062,3695.0,-12.95880062,5828.0,-12.95880062,52.31,3695.0,-12.95880062,3695.0,52.31,52.31,401.0,5828.0,52.31,401.0,8.48,401.0,5828.0,1.49,1.49,422.58,original,[W][Mg],6.0591
-12.95880062,-12.95880062,3695.0,3695.0,-12.95880062,3695.0,-12.95880062,5828.0,-12.95880062,52.31,3695.0,-12.95880062,3695.0,52.31,52.31,401.0,5828.0,52.31,401.0,12.91,401.0,5828.0,1.71,1.71,422.58,original,[W][Mn],5.77028
-12.95880062,-12.95880062,3695.0,3695.0,-12.95880062,3695.0,-12.95880062,5828.0,-12.95880062,52.31,3695.0,-12.95880062,3695.0,52.31,52.31,401.0,5828.0,52.31,401.0,37.48,401.0,5828.0,1.79,1.79,590.4,original,[W][Mo],6.03016
-12.95880062,-12.95880062,3695.0,3695.0,-12.95880062,3695.0,-12.95880062,5828.0,-12.95880062,52.31,3695.0,-12.95880062,3695.0,52.31,52.31,401.0,5828.0,52.31,401.0,17.48,401.0,5828.0,1.78,1.78,422.58,original,[W][Ni],5.77079
-12.95880062,-12.95880062,3695.0,3695.0,-12.95880062,3695.0,-12.95880062,5828.0,-12.95880062,52.31,3695.0,-12.95880062,3695.0,52.31,52.31,401.0,5828.0,52.31,401.0,18.54,401.0,5828.0,1.73,1.73,422.58,original,[W][P],5.83812
-12.95880062,-12.95880062,3695.0,3695.0,-12.95880062,3695.0,-12.95880062,5828.0,-12.95880062,52.31,3695.0,-12.95880062,3695.0,52.31,52.31,401.0,5828.0,52.31,401.0,16.74,401.0,5828.0,1.74,1.74,422.58,original,[W][Pd],5.59128
-12.95880062,-12.95880062,3695.0,3695.0,-12.95880062,3695.0,-12.95880062,5828.0,-12.95880062,52.31,3695.0,-12.95880062,3695.0,52.31,52.31,401.0,5828.0,52.31,401.0,22.175,401.0,5828.0,1.795,1.795,510.45,original,[W][Pt],5.38202
-12.95880062,-12.95880062,3695.0,3695.0,-12.95880062,3695.0,-12.95880062,5828.0,-12.95880062,52.31,3695.0,-12.95880062,3695.0,52.31,52.31,401.0,5828.0,52.31,401.0,26.59,401.0,5828.0,1.785,1.785,495.39,original,[W][Rh],5.5271
-12.95880062,-12.95880062,3695.0,3695.0,-12.95880062,3695.0,-12.95880062,5828.0,-12.95880062,52.31,3695.0,-12.95880062,3695.0,52.31,52.31,401.0,5828.0,52.31,401.0,38.59,401.0,5828.0,1.82,1.82,567.77,original,[W][Ru],5.6106
-12.95880062,-12.95880062,3695.0,3695.0,-12.95880062,3695.0,-12.95880062,5828.0,-12.95880062,52.31,3695.0,-12.95880062,3695.0,52.31,52.31,401.0,5828.0,52.31,401.0,14.1,401.0,5828.0,1.54,1.54,422.58,original,[W][Sc],6.11722
-12.95880062,-12.95880062,3695.0,3695.0,-12.95880062,3695.0,-12.95880062,5828.0,-12.95880062,52.31,3695.0,-12.95880062,3695.0,52.31,52.31,401.0,5828.0,52.31,401.0,50.21,401.0,5828.0,1.655,1.655,422.58,original,[W][Si],6.04327
-12.95880062,-12.95880062,3695.0,3695.0,-12.95880062,3695.0,-12.95880062,5828.0,-12.95880062,52.31,3695.0,-12.95880062,3695.0,52.31,52.31,401.0,5828.0,52.31,401.0,7.43,401.0,5828.0,1.325,1.325,422.58,original,[W][Sr],5.64283
-12.95880062,-12.95880062,3695.0,3695.0,-12.95880062,3695.0,-12.95880062,5828.0,-12.95880062,52.31,3695.0,-12.95880062,3695.0,52.31,52.31,401.0,5828.0,52.31,401.0,4.142,401.0,5828.0,1.465,1.465,422.58,original,[W][Tl],5.74236
-12.95880062,-12.95880062,3695.0,3695.0,-12.95880062,3695.0,-12.95880062,5828.0,-12.95880062,52.31,3695.0,-12.95880062,3695.0,52.31,52.31,401.0,5828.0,52.31,401.0,21.5,401.0,5828.0,1.725,1.725,446.7,original,[W][V],6.16991
-12.95880062,-12.95880062,3695.0,3695.0,-12.95880062,3695.0,-12.95880062,5828.0,-12.95880062,52.31,3695.0,-12.95880062,3695.0,52.31,52.31,401.0,5828.0,52.31,401.0,11.39,401.0,5828.0,1.51,1.51,422.58,original,[W][Y],5.91681
-12.95880062,-12.95880062,3695.0,3695.0,-12.95880062,3695.0,-12.95880062,5828.0,-12.95880062,52.31,3695.0,-12.95880062,3695.0,52.31,52.31,401.0,5828.0,52.31,401.0,7.068,401.0,5828.0,1.565,1.565,422.58,original,[W][Zn],6.05919
-12.95880062,-12.95880062,3695.0,3695.0,-12.95880062,3695.0,-12.95880062,5828.0,-12.95880062,52.31,3695.0,-12.95880062,3695.0,52.31,52.31,401.0,5828.0,52.31,401.0,21.0,401.0,5828.0,1.61,1.61,590.5,original,[W][Zr],6.07872
-8.545958555,-8.545958555,2128.0,2128.0,-8.545958555,2128.0,-8.545958555,4682.0,-8.545958555,21.0,2128.0,-8.545958555,2128.0,21.0,21.0,94.0,4682.0,21.0,94.0,21.0,94.0,4682.0,1.41,1.41,590.5,original,[Zr][Zr],2.57774
-8.545958555,-8.545958555,2128.0,2128.0,-8.545958555,2180.0,-8.545958555,4682.0,-8.545958555,21.0,2128.0,-8.545958555,2128.0,21.0,21.0,94.0,4682.0,21.0,94.0,21.0,94.0,4682.0,1.5699999999999998,1.5699999999999998,590.5,original,[Zr][Cr],2.45048
-8.545958555,-8.545958555,2128.0,2128.0,-8.545958555,2128.0,-8.545958555,4682.0,-8.545958555,21.0,2128.0,-8.545958555,2128.0,21.0,21.0,94.0,4682.0,21.0,94.0,13.6,94.0,4682.0,1.44,1.44,590.5,original,[Zr][Cu],2.76336
-8.545958555,-8.545958555,2128.0,2128.0,-8.545958555,2183.0,-8.545958555,4682.0,-8.545958555,21.0,2128.0,-8.545958555,2128.0,21.0,21.0,94.0,4682.0,21.0,94.0,21.0,94.0,4682.0,1.525,1.525,590.5,original,[Zr][V],2.74559
-8.545958555,-8.545958555,2128.0,2128.0,-8.545958555,2128.0,-8.545958555,4682.0,-8.545958555,21.0,2128.0,-8.545958555,2128.0,21.0,21.0,94.0,4682.0,21.0,94.0,7.068,94.0,4682.0,1.365,1.365,590.5,original,[Zr][Zn],2.8041
-8.545958555,-8.545958555,2128.0,2128.0,-8.545958555,2896.0,-8.545958555,4682.0,-8.545958555,21.0,2128.0,-8.545958555,2128.0,21.0,21.0,94.0,4682.0,21.0,94.0,21.0,94.0,4682.0,1.59,1.59,590.5,original,[Zr][Mo],2.30001
-8.545958555,-8.545958555,2128.0,2128.0,-8.545958555,3695.0,-8.545958555,4682.0,-8.545958555,21.0,2128.0,-8.545958555,2128.0,21.0,21.0,94.0,4682.0,21.0,94.0,21.0,94.0,4682.0,1.61,1.61,590.5,original,[Zr][W],2.56078
-8.545958555,-8.545958555,2128.0,2128.0,-8.545958555,2128.0,-8.545958555,4682.0,-8.545958555,21.0,2128.0,-8.545958555,2128.0,21.0,21.0,94.0,4682.0,21.0,94.0,10.71,94.0,4682.0,1.4,1.4,590.5,original,[Zr][Al],3.09446
-8.545958555,-8.545958555,2128.0,2128.0,-8.545958555,2128.0,-8.545958555,4682.0,-8.545958555,21.0,2128.0,-8.545958555,2128.0,21.0,21.0,94.0,4682.0,21.0,94.0,12.55,94.0,4682.0,1.49,1.49,590.5,original,[Zr][Au],2.73199
-8.545958555,-8.545958555,2128.0,2128.0,-8.545958555,2128.0,-8.545958555,4682.0,-8.545958555,21.0,2128.0,-8.545958555,2128.0,21.0,21.0,94.0,4682.0,21.0,94.0,11.3,94.0,4682.0,1.385,1.385,590.5,original,[Zr][Ag],2.72588
-8.545958555,-8.545958555,2128.0,2128.0,-8.545958555,2750.0,-8.545958555,4682.0,-8.545958555,21.0,2128.0,-8.545958555,2128.0,21.0,21.0,94.0,4682.0,21.0,94.0,21.0,94.0,4682.0,1.525,1.525,690.1,original,[Zr][Nb],2.52377
-8.545958555,-8.545958555,2128.0,2128.0,-8.545958555,3290.0,-8.545958555,4682.0,-8.545958555,21.0,2128.0,-8.545958555,2128.0,21.0,21.0,94.0,4682.0,21.0,94.0,21.0,94.0,4682.0,1.52,1.52,737.0,original,[Zr][Ta],2.74765
-8.545958555,-8.545958555,2128.0,2128.0,-8.545958555,2128.0,-8.545958555,4682.0,-8.545958555,21.0,2128.0,-8.545958555,2128.0,21.0,21.0,94.0,4682.0,21.0,94.0,14.15,94.0,4682.0,1.465,1.465,590.5,original,[Zr][Ti],2.84263
-8.545958555,-8.545958555,2128.0,2128.0,-8.545958555,2506.0,-8.545958555,4682.0,-8.545958555,21.0,2128.0,-8.545958555,2128.0,21.0,21.0,94.0,4682.0,21.0,94.0,21.0,94.0,4682.0,1.43,1.43,661.07,original,[Zr][Hf],2.80183
-8.545958555,-8.545958555,2128.0,2128.0,-8.545958555,2128.0,-8.545958555,4682.0,-8.545958555,21.0,2128.0,-8.545958555,2128.0,21.0,21.0,94.0,4682.0,21.0,94.0,7.15,94.0,4682.0,1.325,1.325,590.5,original,[Zr][Sn],2.84457
