valence_composition_average,BCCfermi_composition_average,IsBCC_composition_average,IsMetalloid_composition_average,FirstIonizationEnergy_composition_average,ThermalConductivity_composition_average,IonicRadii_composition_average,group,mat,yield_strength
4.935922691006408,6.130455180109772,0.6383678300361632,0.001019941299898,7.811523984910858,85.49317312899069,0.5926669163787334,original,Fe61.99642901C0.09529451Mn0.052097Si0.10199413Cr0.01099937Ni19.19889414Mo1.75989863V0.01119935Nb0.00615965Co14.59915909Al0.31798168Ti1.84989345,2411.5
5.408844187640884,6.683624173673368,0.800649116580065,0.0002030364000203,7.748415310588422,86.69409536526516,0.5786486223998648,original,Fe62.31118486C0.85415332Mn0.01040187Si0.02030364Cr14.70263912Ni0.00971174Mo1.79032136V0.51509246N0.16302926Nb0.0061411Co18.80337521W0.72913088Al0.08451517,1123.1
5.178530701617853,6.376925844048731,0.72390231147239,0.00020006350002,7.732495841198028,86.59349121081732,0.5882949384848294,original,Fe62.51985631Mn0.01020324Si0.02000635Cr9.36297368Ni12.90409834Mo0.4801525V0.01100349Nb0.00604192Co13.20419365Al0.81225797Ti0.66921254,1736.3
4.996216642600376,6.1708880188603565,0.6589194727341079,0.0010206359998979,7.811664892889406,85.67605844929439,0.5904142331019584,original,Fe63.43952917C0.0478298Mn0.05233261Si0.1020636Cr0.01110692Ni17.31078635Mo2.37147767V0.01130705Nb0.00619386Co14.60910293Al0.27717271Ti1.76109734,2487.3
4.956382055704361,6.115485756281465,0.6453845817354615,0.001009975599899,7.8192464902859635,84.86635514072336,0.5917360079878262,original,Fe63.59846092C0.04739885Mn0.05179875Si0.10099756Cr0.01089974Ni18.79954505Mo0.85997919V0.01119973Nb0.00611985Co14.39965153Al0.27399337Ti1.83995547,2249.6
5.364888763636488,6.665187094084499,0.7821134604782112,0.0097118226009711,7.764059250585742,86.55971648136999,0.5739024441643903,original,Fe63.54649385C0.88025882Mn0.02028292Si0.97118226Cr13.48864256Ni0.89124957Mo1.13904093V0.01089083Nb0.00599495Co18.98401546Al0.06194784,1328.3
5.028064216297194,6.132962952941165,0.6665948687333406,0.0010204441998979,7.802068819130995,84.62231899259577,0.5896267025120373,original,Fe64.42804553Mn0.05212269Si0.10204442Cr0.01100479Ni17.70770817Mo2.1509363V0.01120488Nb0.00617269Co12.60548717Al0.2341019Ti2.69117147,2501.1
5.539254355453926,6.763033944973707,0.8407013545840704,0.004920915800492,7.721108372601122,87.5864282957224,0.5747762318184777,original,Fe64.6120243C0.47908916Mn0.59711112Si0.49209158Cr13.50251282Ni0.00980182Mo5.34099396V0.0113021N0.08211528Nb0.00619115Co14.80275479Al0.06401191,1228.9
5.533423350346659,6.804049286602472,0.831290663816871,0.0385959589961404,7.696145354320861,87.66761799010521,0.5651164533014884,original,Fe64.79321615C0.04529526Mn0.00990896Si3.8595959Cr18.29808419Ni1.94979586Mo0.01129882V0.01069888Nb0.00585939Co10.89885889Al0.06049367Ti0.05689404,1088.6
5.527469410805494,6.727197538445367,0.840335212568067,0.0002010147000402,7.727115282438063,86.05863003625338,0.5764281614732857,original,Fe64.80474371C0.75105498Mn0.01030075Si0.02010147Cr15.80115664Ni0.0096107Mo2.88021083V0.53103887N0.20101471Nb0.00607044Co14.90109076Al0.08360612,1502.0
5.041256847495875,6.149972138192359,0.6723042125327695,0.001019996199898,7.809929005352867,84.72766793274923,0.5890257886330975,original,Fe64.9997595C0.04769982Mn0.05219981Si0.10199962Cr0.01099996Ni17.59993488Mo2.14999205V0.01129996Nb0.00616998Co12.59995338Al0.16999937Ti2.24999168,2411.5
5.043426713304342,6.157346153560228,0.6742145858674214,0.001020768900102,7.81100676330224,84.9919558691892,0.5891672677129167,original,Fe65.24915219Mn0.05223935Si0.10207689Cr0.01100829Ni17.71334346Mo2.09157558V0.01130852Nb0.00617465Co12.60949874Al0.21215982Ti1.9414625,2331.1
5.510498102548952,6.70613530649389,0.8346470803165355,0.0002011091999798,7.738776010337212,86.0371395252188,0.5757631215034238,original,Fe65.53559894C0.75240871Mn0.0103056Si0.02011092Cr14.70798938Ni0.00961522Mo2.76150005V0.44324077N0.1610875Nb0.0060733Co15.50842418Al0.08364544,1274.7
5.066979398506697,6.149033705126241,0.6827767932682777,0.0010199299001019,7.804268808105202,84.0969708755217,0.5882849128348284,original,Fe65.49550046Mn0.05219641Si0.10199299Cr0.01099924Ni17.59879096Mo2.14985231V0.56296132Nb0.00616958Co11.69919627Al0.04249708Ti2.27984337,2402.3
5.582890948016578,6.759730002913625,0.8590685851718135,0.0002029819000405,7.714609909507656,86.55548327337586,0.5740913156548182,original,Fe65.59414244C0.75793232Mn0.01039907Si0.02029819Cr15.59860704Ni0.00969913Mo4.2396214V0.4579591N0.12198911Nb0.00612945Co13.09883027Al0.08439246,1460.7
5.4694864736,6.668309884484882,0.8201593140000001,0.0001989676,7.743996190509804,85.540715207258,0.574788469492,original,Fe65.58930894C0.92984843Mn0.01019834Si0.01989676Cr15.1975228Ni0.8748574Mo1.15981095V0.01099821Nb0.04809216Co16.09737613Al0.06208988,1243.4
5.082777707099999,6.187351964407644,0.6897345944,0.0010199716999999,7.803787133096961,84.72525743118996,0.586641418033,original,Fe65.69818016C0.09539736Mn0.05219855Si0.10199717Cr0.0109997Ni16.59954019Mo2.42993269V0.77597851Nb0.00616983Co11.99966761Al0.33999058Ti1.88994765,2381.6
5.56619866544338,6.778458688893021,0.8493988012150603,0.0134004180986599,7.725181789709375,86.70162746598334,0.5690149203050986,original,Fe65.90205614C0.74702331Mn0.01020032Si1.34004181Cr15.60048674Ni0.0095503Mo2.97009267V0.45101407N0.0800025Nb0.00603019Co12.80039937Al0.08310259,1412.5
5.099255590709923,6.261618767656317,0.6970374175697035,0.0002070722000207,7.822881586772023,86.37550723640754,0.5870098929537008,original,Fe66.02300902C0.04841687Mn0.0106037Si0.02070722Cr0.0112039Ni14.8051596Mo3.64126898V0.01140397Nb0.00625218Co14.60508987Al0.06462252Ti0.75226216,1603.3
5.5149022473,6.749375306575411,0.8254425590000001,0.0375028877,7.712661774754664,87.292938779062,0.565538805475,original,Fe66.10509009C0.0454035Mn0.00993076Si3.75028877Cr16.4012629Ni3.81029339Mo0.01140088V0.01070082Nb0.00587045Co9.7207485Al0.06060467Ti0.06840527,1185.1
5.079471013392054,6.201353285812114,0.6866418583313358,0.0010202055998979,7.792513612182501,86.62165862057383,0.5864198035953581,original,Fe66.11332183C0.04750957Mn0.05201048Si0.10202056Cr0.01100222Ni17.00342619Mo2.47049781V0.01120226Nb0.00615124Co11.1022371Al1.31026402Ti1.77035673,2510.3
5.080108354800002,6.176224914261955,0.6856629869000002,0.001018898,7.805778747110834,85.18977628539201,0.587145837063,original,Fe66.12847544C0.04764846Mn0.05204371Si0.1018898Cr0.01098812Ni16.78184875Mo2.35745018V0.0111879Nb0.00615334Co11.88714287Al0.48747275Ti2.12769868,2372.4
5.5983412359,6.741813102997895,0.8656462645000002,0.0002008915,7.696485952623313,86.24985872458787,0.5759337271670001,original,Fe66.2642107C0.3288224Mn0.01029444Si0.02008915Cr16.89087724Ni0.0096248Mo2.93841296V0.45475439N0.12093468Nb0.00607672Co12.89303647Al0.06286605,1312.6
5.59688461744031,6.741929170007535,0.8618662918138132,0.0002010969999798,7.720102148724879,85.43364440902116,0.5740750359165924,original,Fe66.43203353C0.75136231Mn0.5752774Si0.0201097Cr15.70757419Ni0.00961464Mo3.01145212V0.45421902N0.12105837Nb0.00607293Co12.80617514Al0.10505066,1350.4
5.54682518815468,6.708455487613763,0.8467771038846773,0.0006038026000603,7.722740349826928,86.17971540136394,0.5737070477823706,original,Fe66.3782943C0.75375352Mn0.01029663Si0.06038026Cr15.19503122Ni1.04965676Mo2.91904547V0.01109637Nb0.16394639Co13.39561963Al0.06287944,1169.4
5.4489759188449,6.674289820095467,0.8100347277810035,0.0100993233010099,7.766865282423081,85.96346487206037,0.5707021729670704,original,Fe66.3955515C0.92593796Mn0.01009932Si1.00993233Cr13.39910226Ni0.8999397Mo1.13992363V0.01089927Nb0.04789679Co16.09892137Al0.06179586,1322.1
5.445335634844534,6.604953004157155,0.8148729500814874,0.0001998284000199,7.6720627578201395,89.8920917149592,0.578129002453813,original,Fe66.44295208C0.04675985Mn0.01019125Si0.01998284Cr12.08961985Ni7.67341161Mo2.92748646V0.01099056Nb0.0060548Co8.22293978Al2.53782103Ti0.01178988,1870.6
5.094730276281054,6.264547055876907,0.6972311357605537,0.0002060114999587,7.832570610250928,86.43689565797862,0.587009938465598,original,Fe66.60370983C0.04820268Mn0.01050058Si0.02060115Cr0.01110062Ni14.90082998Mo3.08017157V0.01140064Nb0.00623035Co15.00083555Al0.06440359Ti0.24201348,1580.0
5.584600181858461,6.731745559586864,0.8567986622856799,0.0001997566000199,7.753048989768598,85.44972454177426,0.5791957279149197,original,Fe66.51895995C0.70114579Mn0.01018759Si0.01997566Cr15.68089596Ni0.00956834Mo2.95639822V0.50738186N0.60126748Nb0.00604264Co12.88430305Al0.10387345,1164.4
5.583035136758303,6.731537886623602,0.8605640130860565,0.00020096970002,7.722061319359338,85.53469299390073,0.5737473942633747,original,Fe66.58996489C0.75088684Mn0.01029845Si0.02009697Cr15.4976645Ni0.00959855Mo2.98954947V0.9628549N0.16097574Nb0.00606909Co12.89805626Al0.10398433,1550.3
5.092280367500001,6.181027217888383,0.6906828280000002,0.0010193744,7.810818991483482,85.09693744916603,0.5870101199110004,original,Fe66.65909132C0.04767074Mn0.05216798Si0.10193744Cr0.01099325Ni17.08951217Mo2.32857096V0.01129307Nb0.00616622Co11.49294678Al0.36077859Ti1.83887148,2381.6
5.584291409816859,6.740535951698518,0.8590444148718088,0.0001999655000399,7.727356442909591,85.68214170686099,0.5721486393194297,original,Fe66.68849623C0.98383029Mn0.01019824Si0.01999655Cr15.79727497Ni0.00958835Mo2.94949121V0.45292187N0.08038613Nb0.00605895Co12.89777513Al0.10398206,1405.6
5.586554968841346,6.740979163297532,0.859981244714002,0.0002000554999799,7.726662955771968,85.637571300631,0.572053079746795,original,Fe66.71851439C0.98427314Mn0.01020283Si0.02000555Cr15.80438572Ni0.00959266Mo2.95081885V0.50814101N0.08042232Nb0.00606168Co12.80355299Al0.10402887,1529.6
5.448820957655117,6.602402762837451,0.8160343437183967,0.00019986819998,7.67479145947553,89.81954807670407,0.5778803740832119,original,Fe66.75596776C0.04686909Mn0.01019328Si0.01998682Cr11.89215593Ni7.63496398Mo2.92806865V0.01099275Nb0.00605601Co8.16461462Al2.5183389Ti0.01179222,1825.8
5.479412651700002,6.681623663130498,0.8185360143000002,0.0099014179,7.766073272311651,85.45191727338002,0.5702852168440002,original,Fe66.80956713C0.97213921Mn0.4350623Si0.99014179Cr13.40191915Ni1.12016041Mo1.19017043V0.01090156Nb0.00598086Co15.00214831Al0.06180885,1352.2
5.450500275800001,6.600069791891359,0.8167115898000001,0.0002000583,7.673650394712456,89.78615974377402,0.5780988720090001,original,Fe66.81947119Mn0.01020297Si0.02000583Cr11.90346867Ni7.67223569Mo2.92085114V0.01110324Nb0.00606177Co8.13236977Al2.48072288Ti0.02350685,1837.9
5.541444644954143,6.7208917235527,0.8406299291840629,0.0064727369006472,7.744521794479104,86.68935427831664,0.5751061624015105,original,Fe66.82501565C0.330629Mn0.5893387Si0.64727369Cr12.88554113Ni0.00967914Mo3.74579684V0.01118745N0.20277247Nb0.00611314Co14.68352362Al0.06312916,1133.4
5.506492843949352,6.680979306600633,0.8323642994167637,0.0005961233999403,7.747582018626942,85.38088899128392,0.5730002610647001,original,Fe66.91385117C0.92919234Mn0.01020211Si0.05961234Cr15.10312635Ni0.00950197Mo1.1502381V0.01100228Nb0.04800994Co15.70325057Al0.06201284,1358.2
5.4875318538,6.781481988262285,0.8132088765000001,0.0388110379,7.778147713270911,87.21678893594603,0.558883818539,original,Fe66.91903177C0.95727225Mn0.00996283Si3.88110379Cr13.20375515Ni0.87624921Mo1.13032146V0.01070304Nb0.0471134Co12.9036698Al0.0608173,1354.2
5.542247607599999,6.677821687507645,0.8409477412999999,0.0056307207,7.761129690237312,86.88838715160458,0.574616625933,original,Fe67.0085771C0.4390562Mn0.70409012Si0.56307207Cr13.80176663Ni0.00999128Mo0.01220156V0.01150147N0.12601613Nb0.00631081Co14.70188184W2.55032644Al0.06520835,1081.1
5.5930889297,6.73180896064463,0.8631849005,0.0002010585,7.715967929506919,85.94145962179755,0.574290109981,original,Fe67.01949597C0.56416412Mn0.010303Si0.02010585Cr15.80459756Ni0.0096328Mo3.00087295V0.4771388N0.12103521Nb0.00608177Co12.9037537Al0.06281827,1515.8
5.583060279241695,6.731313050039175,0.8589871190141015,0.0002008557999799,7.727718933328776,85.75268448090871,0.5733419621496659,original,Fe66.9519419C0.79742761Mn0.01029261Si0.02008558Cr15.48888208Ni0.00960311Mo2.98785532V0.45367435N0.12091321Nb0.00606565Co13.09060356Al0.06265503,1502.0
5.0580052890058,6.212228114483854,0.6808293654680827,0.0010003154001,7.811129452882228,86.78465328206046,0.5850672197035066,original,Fe67.1211633C0.04701482Mn0.05141621Si0.10003154Cr0.01090344Ni14.10444713Mo0.88227818V0.0111035Nb0.00607191Co14.70463637Al1.59050149Ti1.3704321,2157.3
5.5523328433,6.716609000124929,0.8456713613,0.0054706997,7.730660612348511,86.68907269074147,0.5750574388780001,original,Fe67.10858319C0.18902418Mn0.56907278Si0.54706997Cr13.40171408Ni0.00969124Mo3.47044387V0.01120143N0.12201561Nb0.00612078Co14.50185479Al0.06320808,1287.4
5.592096535859209,6.724068300183737,0.8625180344862519,0.00020096600002,7.721635855582663,85.9158032504541,0.5768819869346883,original,Fe67.08866202C0.37593647Mn0.01029826Si0.0200966Cr15.69734715Ni0.00961837Mo2.93950322V0.50991382N0.28195235Nb0.00607897Co12.99780337Al0.06278939,1311.4
5.49390844844939,6.686609276452643,0.8231195257823118,0.0103036392010303,7.7638452660588655,85.37388381144139,0.569990872768999,original,Fe67.12370809C0.92532683Mn0.51618232Si1.03036392Cr13.50476988Ni0.96534096Mo1.15040632V0.01090385Nb0.00598211Co14.70519387Al0.06182184,1245.4
5.556023209199999,6.728082164711021,0.8454969904999999,0.0064681248999999,7.744753916080173,86.5552366482264,0.5735574016920002,original,Fe67.18052437C0.47286292Mn0.52684727Si0.64681249Cr13.09620341Ni0.00967719Mo3.72891899V0.01109678N0.16195305Nb0.00610823Co14.09591359Al0.06308171,1155.0
5.591886328340809,6.728111604531516,0.8627068320137292,0.0002011405999798,7.718108240231834,85.95968902931351,0.5741339796745865,original,Fe67.24700566C0.56439451Mn0.0103072Si0.02011406Cr15.61091203Ni0.00962673Mo2.9420565V0.45431757N0.12108464Nb0.00608425Co12.90902341Al0.10507345,1322.9
5.086761289082649,6.171821355658164,0.6882183028623565,0.0002029795999594,7.8263812851775,84.25238592613155,0.5863164698447368,original,Fe67.29324376C0.04749523Mn0.01039896Si0.02029796Cr0.0109989Ni14.39855439Mo1.48985042V0.01119888Nb0.00613938Co14.49854435Al0.06349363Ti2.14978416,1571.2
5.124028570987597,6.242363438834374,0.7065163686293481,0.0002029485999797,7.778284446125965,87.78919168231505,0.5848023670595197,original,Fe67.2829505C0.04748797Mn0.01039737Si0.02029486Cr0.01099721Ni17.99543996Mo2.85927546V0.48187789Nb0.00613844Co8.41786691Al2.0094908Ti0.85778264,1288.4
5.556959862299999,6.7550091952642,0.8398246996999998,0.0360761932999999,7.711576041456719,86.92313335743198,0.5646260053079998,original,Fe67.25561802C0.09074012Mn0.00991346Si3.60761933Cr16.68898694Ni3.71754679Mo0.01139248V0.01069294Nb0.00586613Co8.50438795Al0.04037336Ti0.05686248,1143.7
5.591636236700001,6.734572758487296,0.8605215196999999,0.0002009876,7.728166882266424,86.14006501412871,0.573458627216,original,Fe67.39583494C0.75195353Mn0.01029936Si0.02009876Cr15.59903598Ni0.00960941Mo3.02981276V0.01109931N0.12099252Nb0.00606962Co12.89920283Al0.14599098,1460.7
5.500460348350044,6.686191903469593,0.8253774835825377,0.0100944803010094,7.763936579384939,85.31714833957372,0.5698449607689845,original,Fe67.36316582C0.92449449Mn0.51571801Si1.00944803Cr13.49262223Ni0.97446716Mo1.14937152V0.01089404Nb0.00597673Co14.49207573Al0.06176623,1300.3
5.354028175935404,6.4915863061748444,0.7818072962781809,0.0001990344000199,7.794745455525587,84.3418842604662,0.576528252074653,original,Fe67.41164873C1.12019357Mn0.01020176Si0.01990344Cr9.57165398Ni8.29143276Mo0.87415105V0.30705306Nb0.00602104Co12.30212581Al0.06221075Ti0.02340404,1309.1
5.594614402000001,6.733039701376307,0.8624751768999999,0.0002011867,7.718761890211955,86.17787452004401,0.572298593094,original,Fe67.56269818C0.70565485Mn0.01030957Si0.02011867Cr15.71458313Ni0.00962894Mo2.94273085V0.01111031Nb0.00608565Co12.91198232Al0.10509753,1338.0
5.121452624687856,6.242885832733214,0.7041286894295872,0.0002029542999797,7.781523232068063,88.2438836924276,0.58490019945651,original,Fe67.58476639C0.0474893Mn0.01039766Si0.02029543Cr0.01099752Ni17.99594371Mo2.78937128V0.01119748Nb0.00613862Co8.51808002Al2.15951325Ti0.84580935,1309.1
5.095684008919135,6.222142497364595,0.6955635970391127,0.0002038168000407,7.836749894586207,85.33834808931968,0.5863353883972671,original,Fe67.63921264C0.04775708Mn0.01039066Si0.02038168Cr0.01099012Ni14.58689076Mo1.87831196V0.01128985Nb0.00616446Co14.88662139Al0.06374271Ti0.83824667,1669.3
5.507116763350712,6.750918731272678,0.8230124514823013,0.0294010878029401,7.772162826603612,86.63843102206788,0.5619149108791915,original,Fe67.70250499C0.91603389Mn0.01000037Si2.94010878Cr13.40049582Ni0.8810326Mo1.13004181V0.0108004Nb0.04740175Co12.90047732Al0.06110226,1382.2
5.309378907269062,6.367052443156332,0.7652969332234704,0.0001988983999801,7.743223733013357,85.01755266885624,0.5824503278917549,original,Fe67.76537189C0.0463763Mn0.01019479Si0.01988984Cr8.72554125Ni11.39417758Mo0.01159408V0.01099438Nb0.00599694Co9.91493347Al0.80558834Ti1.28934115,1768.0
5.544208439754422,6.702824616350252,0.8410287404841029,0.007410953800741,7.751553854769765,85.87475281371457,0.5736073452183609,original,Fe67.80872698C0.42105419Mn0.64508302Si0.74109538Cr13.30171193Ni0.00958123Mo2.33029991V0.01100142N0.16102072Nb0.00605078Co14.50186639Al0.06250804,1131.9
5.593244798500001,6.72213974018396,0.8627604051,0.0002010154999999,7.722369262677488,85.86675933073,0.572009161118,original,Fe67.90524228C0.70505443Mn0.0103008Si0.02010155Cr15.30118125Ni0.13501042Mo2.82021772V0.23301799Nb0.00608047Co12.80098824Al0.06280485,1341.7
5.45421358454542,6.49925242919438,0.8158475194815845,0.0001990038000199,7.699761425183561,85.85287263426328,0.5802491106900247,original,Fe68.00128522Mn0.01020019Si0.01990038Cr12.70024003Ni9.76018447Mo0.85601618V0.01100021Nb0.00601011Co7.090134Al0.89101684Ti0.65401236,1586.7
5.47479968494748,6.568715155747674,0.8246161827824615,0.0002041581000204,7.730862171209374,86.4723583948641,0.5796456215639646,original,Fe68.05270001Mn0.01040806Si0.02041581Cr11.1086025Ni6.80527Mo3.27253425V0.01120868N0.04083162Nb0.00616477Co10.608215Al0.06364929,1373.9
5.1491552774,6.232861985178481,0.7150102736,0.0002040127,7.796586534105104,86.46128283235002,0.5850798439790003,original,Fe68.10423608C0.04780297Mn0.01040065Si0.02040127Cr0.01100068Ni18.10112589Mo2.93018226V0.43902731Nb0.00618038Co8.47052687Al1.08006718Ti0.77904846,1164.4
5.591246134640874,6.703994394726452,0.8639218771136079,0.00019915209998,7.729070750994759,84.73975858751227,0.5724444077367555,original,Fe68.15204772C0.74456863Mn0.0102078Si0.01991521Cr15.41176997Ni0.00952728Mo1.7513375V1.06081014N0.12009171Nb0.00601459Co12.60962997Al0.10407949,1240.2
5.512519839348747,6.678995227309509,0.8298620953170137,0.0096851747990314,7.7649236980863074,85.13555991488646,0.5695894796720411,original,Fe68.13640528C0.87746883Mn0.46424805Si0.96851748Cr13.50721691Ni0.89848006Mo0.86146028V0.01090583Nb0.00597319Co14.20759112Al0.06173298,1250.8
5.397566095439759,6.543076705823316,0.7991138434799113,0.00020005790002,7.776409198288082,85.13761352878379,0.5762215061016221,original,Fe68.21974962C0.51514914Mn0.01020295Si0.02000579Cr9.95288136Ni3.55102802Mo1.17033881V0.55215985Nb0.00605175Co15.90460438Al0.0625181Ti0.03531022,1453.8
5.50319812515032,6.672219894947542,0.8298753098829876,0.0096699255009669,7.762521993938081,85.19811751203783,0.5689428071378945,original,Fe68.19947486C0.87699325Mn0.02019984Si0.96699255Cr13.39989682Ni0.90699302Mo0.86099337V0.50099614Nb0.00596995Co14.19989066Al0.06159953,1241.0
5.503062049800001,6.680080422934673,0.8280672741,0.0100985155,7.767149153320181,85.61313229094402,0.568907280664,original,Fe68.18997607C0.92486404Mn0.01009852Si1.00985155Cr13.39803049Ni0.89886787Mo1.14983097V0.0108984Nb0.04789296Co14.29789821Al0.06179092,1314.2
5.626009063399998,6.7355815198048345,0.8736152316999999,0.0002010027,7.723197749765717,85.60120068834368,0.572393522631,original,Fe68.30090157C0.70400929Mn0.01030014Si0.02010027Cr15.60020592Ni0.00961013Mo2.99003947V0.45400599N0.1210016Nb0.00607008Co11.70015444Al0.0836011,1471.0
5.6362793364,6.739480876432548,0.8742145770000002,0.0001999136,7.7506827767344175,85.20036804138753,0.5763981450960001,original,Fe68.27048667C0.74867635Mn0.01019559Si0.01999136Cr15.59325903Ni0.00957586Mo3.08866477V0.45280425N0.52177444Nb0.00604739Co11.19516033Al0.08336396,1646.7
5.507188611200001,6.679740853381492,0.8294207182000001,0.0096968945,7.767420345260571,85.565623099574,0.568905611896,original,Fe68.34859585C0.92565814Mn0.02021437Si0.96968945Cr13.40953418Ni0.89063324Mo1.14081112V0.01090776Nb0.01200854Co14.21010338Al0.06184397,1258.6
5.588004919758802,6.702830604320995,0.8609588407860961,0.0001989068000198,7.734241299032351,85.11074687721694,0.5731351312423135,original,Fe68.36796961C0.69867267Mn0.01019522Si0.01989068Cr15.49274165Ni0.00952554Mo1.76917114V0.44978927N0.11994381Nb0.00601718Co12.99391235Al0.06217087,1233.3
5.639011863272197,6.7434272546869645,0.8752403008249517,0.00019999039996,7.746173602724414,85.41617156135959,0.5754226512349154,original,Fe68.39671012C0.79496176Mn0.01019951Si0.01999904Cr15.59924968Ni0.00956954Mo3.05985282V0.45197826N0.48097687Nb0.00603971Co10.89947574Al0.27098697,1536.5
5.523972585852397,6.717681133470233,0.8325725450832573,0.0197074691019707,7.767221418190343,85.87850797427386,0.5647055934374706,original,Fe68.42593343C0.92034881Mn0.01010383Si1.97074691Cr13.40508053Ni0.88533554Mo1.14043222V0.22808644Nb0.04761805Co12.90489095Al0.06142328,1344.4
5.507720847799998,6.672189984666097,0.8309453047,0.0096658658999999,7.76433716257061,85.250485071496,0.568834567446,original,Fe68.47071508C0.87662507Mn0.01009568Si0.96658659Cr13.39427127Ni0.90661224Mo0.85463447V0.35884652Nb0.00596745Co14.09397201Al0.06167362,1218.4
5.523936058499999,6.72040664435314,0.8314681383,0.019909198,7.77279979947629,85.92781756072401,0.564317864855,original,Fe68.53166163C1.01046684Mn0.01010467Si1.9909198Cr13.40619366Ni0.8844086Mo1.14052692V0.01080499Nb0.04752196Co12.90596255Al0.06142838,1383.7
5.390931728460907,6.510557375368877,0.794069145020593,0.00019905689998,7.79691679544559,84.2729374791367,0.5748485897155152,original,Fe68.5195829C1.12032019Mn0.01020292Si0.01990569Cr9.57273589Ni7.05201547Mo0.99128331V0.30708777Nb0.00602172Co12.30351634Al0.06221778Ti0.03511003,1550.3
5.554834157299998,6.681048834020659,0.8478430345999997,0.0001978958999999,7.753538545499293,84.74776209969801,0.5708243763819998,original,Fe68.46398794C1.15939016Mn0.01009469Si0.01978959Cr15.09206158Ni0.88153631Mo1.15939016V0.01089427Nb0.04787482Co13.09311302Al0.06186746,1438.6
5.381813703800001,6.435141391696615,0.7929819640000001,0.0001990702,7.731815548515122,85.4595665099,0.5801788550889999,original,Fe68.62421062C0.04661645Mn0.0102036Si0.01990702Cr9.51335631Ni10.30363512Mo0.69424493V0.45015882Nb0.00602212Co8.77309515Al0.89231481Ti0.66623505,1755.2
5.453466329390692,6.595687451711397,0.8172615696634524,0.0008022960001604,7.677706790263733,91.38399289704282,0.5748373750079674,original,Fe68.62532274C0.04691731Mn0.04101513Si0.0802296Cr10.70394976Ni6.7124769Mo1.61059431Co7.67283127W0.74527501Al3.76138795,1680.6
5.115345164199999,6.249321397390387,0.7044317647,0.0002038676999999,7.845203536615819,85.71552979873199,0.58559595735,original,Fe68.55552118C0.04776901Mn0.01039326Si0.02038677Cr0.01099287Ni14.29072818Mo1.8488005V0.01129267Nb0.00617599Co14.99027431Al0.06375863Ti0.14390663,1267.1
5.5349760439,6.708104315375618,0.8327529563,0.0354158911,7.732528787332842,86.66268139728399,0.5645497204660002,original,Fe68.63079464C0.09104085Mn0.00995447Si3.54158911Cr14.60655396Ni4.75213228Mo0.01140512V0.0107048Nb0.00588264Co8.25370344Al0.04051818Ti0.04572051,1226.4
5.338871588833887,6.387593193302504,0.7766504295776651,0.00020003810002,7.7525859548474205,85.08927413921694,0.5817296936881732,original,Fe68.71309672C0.0467089Mn0.01020194Si0.02000381Cr8.35159181Ni11.40217325Mo0.57310923V0.0110021Nb0.00604115Co9.47180533Al0.56210714Ti0.83215861,1779.7
5.558585279300002,6.676865245781351,0.8497138940000001,0.0001978658,7.747314012824849,84.89637736405199,0.5715476007300002,original,Fe68.65345296C0.97334008Mn0.01009316Si0.01978658Cr15.08976914Ni0.88240173Mo1.15921405V0.01089261Nb0.04796748Co13.09112422Al0.06195799,1372.9
5.409032863340904,6.588691004870125,0.7985465898798545,0.0001990014000199,7.8251258816288445,84.3149827201555,0.5698239287619825,original,Fe68.7004809C1.62001134Mn0.01010007Si0.01990014Cr9.65006755Ni1.42000994Mo1.16000812V0.3280023Nb0.00600004Co17.000119Al0.06200043Ti0.02330016,1731.7
5.450918948300001,6.490531189276194,0.8146316808999999,0.0001990852,7.704577790457347,86.15970675034401,0.579373758026,original,Fe68.72940931Mn0.01020437Si0.01990852Cr11.90509419Ni9.52407535Mo0.71630651V0.01100471Nb0.00601257Co7.12304795W0.08513643Al1.18050514Ti0.68929495,1729.4
5.5108939236,6.673093765448543,0.8307742874000001,0.0098693417,7.768377209745006,85.43779829852602,0.5688059786430002,original,Fe68.79541135C0.87694151Mn0.01009933Si0.98693417Cr13.39910628Ni0.89794011Mo0.85594291V0.01089927Nb0.0059696Co14.09905959Al0.06169588,1311.1
5.499309314849933,6.571981650540587,0.8328996239832902,0.0002039809000203,7.730006904988761,86.29631951273566,0.5781531026968154,original,Fe68.89355845C0.04759555Mn0.01039903Si0.02039809Cr11.09896225Ni6.82936145Mo3.26969428V0.01119895Nb0.00614943Co9.74908846Al0.06359405,1486.2
5.184505130000002,6.24740903328769,0.7257894970000002,0.000206056,7.816928884906543,85.87873136803002,0.5846897221980001,original,Fe68.91872522C0.19305245Mn0.01050285Si0.0206056Cr0.01110302Ni18.50502782Mo3.62098382V0.0114031Nb0.00623169Co7.85213342Al0.34309322Ti0.50713779,1012.8
5.56629723924337,6.669851689260432,0.8532033680146797,0.00019921259998,7.738880598496222,85.09392355436061,0.57249921667275,original,Fe69.07370164C0.69774449Mn0.0102109Si0.01992126Cr15.0160221Ni0.8859453Mo1.16123904V0.01101175Nb0.04815138Co13.01388582Al0.06216633,1278.2
5.52871131244713,6.69853484996224,0.8353232757164678,0.0153840927984615,7.7641344819895695,85.86168503535785,0.56680011869232,original,Fe68.9287277C0.78418915Mn0.01008957Si1.53840928Cr13.38615871Ni0.89707243Mo1.14881213V0.01088874Nb0.04765073Co13.1863653Al0.06163627,1368.5
5.537140204346286,6.688354715035312,0.8401360340159864,0.0111060416988893,7.7649492386405745,85.19137351942086,0.5670656537062935,original,Fe69.03755643C0.97052797Mn0.0101055Si1.11060417Cr13.40729357Ni0.93650946Mo1.1406205V0.37020139Nb0.04782602Co12.90702142Al0.06173358,1280.7
5.188089731281191,6.224835253686129,0.7411172596258884,0.0017907590998209,7.823919582172338,80.81987191254801,0.5772392657532761,original,Fe69.22934632C0.83735495Mn0.1120475Si0.17907591Cr0.01070454Ni16.90716695Mo0.01160492V4.74201014Nb0.00601255Co7.64323997Al0.22809669Ti0.09333957,1605.4
5.533201819246682,6.698263101669735,0.8365407389163462,0.0143906028985609,7.771263294334612,85.58926222678308,0.5660938906993908,original,Fe69.15484189C0.96736831Mn0.01009341Si1.43906029Cr13.29132077Ni0.88642117Mo1.13925607V0.01089289Nb0.04766887Co12.99151654Al0.0615598,1369.5
5.610179314677963,6.746226637888854,0.8586417443282715,0.0334102234933179,7.711704165366366,86.44333867290933,0.5639191982772161,original,Fe69.32121229C0.0454139Mn0.00993304Si3.34102235Cr16.50505055Ni3.81116622Mo0.01140349V0.01070328Nb0.0058718Co6.85209674Al0.0405124Ti0.04561396,1205.8
5.53480915595348,6.696058126657704,0.8373810877837379,0.0143878710014387,7.768208836297314,85.6622087729542,0.566459424717646,original,Fe69.24162931C0.87626131Mn0.01009149Si1.4387871Cr13.28879754Ni0.89624447Mo1.13903979V0.01089082Nb0.04765982Co12.98905023Al0.06154811,1275.3
5.403813900240383,6.530081650231671,0.798668636479867,0.0001998564000199,7.805852892657472,84.54142934858014,0.5735161619953519,original,Fe69.35017883C1.02926058Mn0.01019268Si0.01998564Cr9.163417Ni4.39684131Mo0.87637042V0.30777889Nb0.00603566Co14.58951889W0.15289016Al0.0623552Ti0.03517473,1575.5
5.541943545954194,6.684488920600726,0.8409483296840947,0.0098771850009877,7.768964483344114,85.30208563178421,0.5674753995337475,original,Fe69.48019814C0.97072334Mn0.01009712Si0.9877185Cr13.39618209Ni0.88874671Mo1.14967234V0.01089689Nb0.04778638Co12.99629606Al0.06168242,1369.5
5.539192572100002,6.685986345598849,0.8395968358000001,0.010293978,7.773288465985272,85.23935470764802,0.5669401700160002,original,Fe69.45936627C1.05938026Mn0.01009409Si1.0293978Cr13.29222405Ni0.89747498Mo1.13933349V0.01089363Nb0.04777205Co12.99239945Al0.06166393,1359.7
5.2000232423,6.184851864729524,0.7257523599,0.0002040176,7.805521137274774,84.284283163342,0.5838428892399999,original,Fe69.60600004C0.14301233Mn0.01050091Si0.02040176Cr0.01100095Ni18.00155173Mo2.93025259V0.01130097Nb0.00618053Co6.82058793Al0.3190275Ti2.12018276,1233.3
5.545955906509192,6.683916764344257,0.8424724577684944,0.0098881509019776,7.765188855381209,85.37345328202672,0.567819827713564,original,Fe69.58698723C0.87783584Mn0.01009811Si0.98881509Cr13.49747597Ni0.92682668Mo1.12978873V0.01089796Nb0.01199776Co12.89758815Al0.06168846,1376.3
5.559713989655971,6.656465809601305,0.8502713840850271,0.0001979519000197,7.753253072031255,84.5360474541836,0.5713703669951371,original,Fe69.58309131C0.92477528Mn0.01009755Si0.01979519Cr14.79640447Ni1.06974005Mo0.57286079V0.01089735Nb0.05378693Co12.89686606Al0.06168501,1376.7
5.5870573654,6.687894584088844,0.8591991186000001,0.0001982097,7.750501173911057,84.77923145951002,0.5701906697560001,original,Fe69.67372176C0.97503168Mn0.0101107Si0.01982097Cr15.01588831Ni0.00950005Mo1.1612287V0.01091155Nb0.04805084Co13.01376987Al0.06196557,1348.9
5.5467337106453245,6.676755593553174,0.84339873541566,0.0073131475992686,7.767257035231203,85.14027098359595,0.5682998130581699,original,Fe69.63475224C0.97109009Mn0.01009055Si0.73131476Cr13.48736234Ni0.90814906Mo1.14892346V0.0108898Nb0.04785516Co12.9878304Al0.06174215,1332.7
5.201425141500001,6.247668839121497,0.7321661722000001,0.0002041005,7.80617113079838,85.89167481796403,0.583015011967,original,Fe69.93442172C0.04782354Mn0.01040512Si0.02041005Cr0.01100542Ni16.60817454Mo2.87141331V0.38318861Nb0.00618304Co8.47417099Al0.82940823Ti0.80339543,1287.3
5.121545571812154,6.214340728561191,0.7051982360705199,0.0002021040000202,7.854443592746185,84.65755829394776,0.584518508120452,original,Fe69.93600305C0.09464873Mn0.01030531Si0.0202104Cr0.01090561Ni14.00721091Mo0.54528071V0.01120577Nb0.00612315Co14.80762296Al0.06323255Ti0.48725084,1212.0
5.211722679300001,6.208501582839616,0.7306250469,0.0010200225,7.808613757339527,84.60620347694201,0.583347397993,original,Fe70.00154703C0.04790106Mn0.05230116Si0.10200225Cr0.01110025Ni17.00037571Mo2.98006586V0.01130025Nb0.00619014Co7.71017039Al0.27700612Ti1.80003978,2356.4
5.550173612344982,6.6680424783184495,0.8451498507154851,0.0059404276994059,7.7676375103465185,85.05431233636058,0.5687387992041262,original,Fe70.00504036C0.92706675Mn0.01010073Si0.59404277Cr13.30095767Ni0.90106488Mo1.14008209V0.01090078Nb0.04790345Co13.00093607Al0.06190446,1299.8
5.672553297032744,6.736342870212635,0.889157271011084,0.0002000032999799,7.727543803514633,85.13583716482002,0.5704289070969569,original,Fe70.10115667C0.75001238Mn0.01020017Si0.02000033Cr15.4002541Ni0.00959016Mo2.89004769V0.50800838N0.121002Nb0.0060601Co10.10016665Al0.08350138,1405.6
5.1128986904112885,6.199104847908326,0.7022449485702246,0.0002019261000201,7.85801752413586,84.37334857061335,0.584669155546467,original,Fe70.17432322C0.09426551Mn0.01029623Si0.02019261Cr0.01089601Ni14.19480612Mo0.01179568V0.01109594Nb0.00608777Co14.89455008Al0.06287699Ti0.50881383,1144.8
5.551155835155116,6.6451800057542245,0.8473819840847383,0.0001989974000198,7.765392614998852,84.72568189858659,0.5708512389350852,original,Fe70.19908741C0.92998791Mn0.01019987Si0.01989974Cr13.2998271Ni1.14998505Mo1.16998479V0.01099986Nb0.04809937Co13.0998297Al0.06209919,1423.8
5.6210950489,6.582953580518881,0.8717405474,0.0002000615,7.68304775813925,84.792076160768,0.576870441369,original,Fe70.22160016Mn0.01020314Si0.02000615Cr15.4047385Ni7.93244002Mo1.5204677V0.01100338Nb0.00604186Co4.09125847Al0.208064Ti0.57417662,1350.4
5.617807489999999,6.581696749607883,0.8707222875000001,0.0001999654999999,7.68286398629041,84.842330307618,0.576941631273,original,Fe70.18789961Mn0.01019824Si0.01999655Cr15.3973455Ni8.01861759Mo1.45974834V0.0109981Nb0.00603896Co4.08929501Al0.24895708Ti0.55090502,1274.7
5.586628424917326,6.712371408117489,0.8492414078698484,0.0374939297074987,7.731068421705662,86.37783336076356,0.5623856317724771,original,Fe70.28862027C0.0907853Mn0.00991839Si3.74939297Cr14.59763664Ni5.56909836Mo0.01139815V0.01069827Nb0.00586905Co5.5491016Al0.06059019Ti0.05689079,1130.0
5.747951349700002,6.737945718961321,0.9060721565,0.0062525191,7.652226099924801,85.40732788154001,0.570540014582,original,Fe70.32833529C0.27411044Mn2.0908424Si0.62525191Cr17.30697298Ni4.81193873Mo0.86434825V0.01080435Nb0.00591238Co1.89076179Al1.79072148,1237.0
5.558479628588304,6.649623581683301,0.8499604580300076,0.0001989595999602,7.76234608668441,84.75769952827447,0.5708659741998268,original,Fe70.285732C0.88282079Mn0.01019793Si0.01989596Cr13.49726006Ni0.94180881Mo1.1497666V0.01099777Nb0.04209146Co13.09734124Al0.0620874,1371.4
5.521165121647884,6.608604736699082,0.8374351088162566,0.0001979730999802,7.772576473902808,84.39860120327616,0.5717626702488238,original,Fe70.2904405C0.92687395Mn0.01009863Si0.01979731Cr12.79825944Ni2.34968044Mo0.57392195V0.01089852Nb0.05989185Co12.89824584Al0.06189158,1273.3
5.213064178078696,6.287562693453833,0.73470190722653,0.0002029763999797,7.792714474357774,87.7468477183933,0.5809424801599058,original,Fe70.39179936C0.04759446Mn0.01039879Si0.02029764Cr0.01099872Ni14.798276Mo3.03964588V0.0111987Nb0.00614928Co8.91896094Al1.90977751Ti0.83490273,1393.5
5.215400501100002,6.289520510781329,0.7354819073000002,0.0002029157,7.792242194606654,87.79489144895601,0.580779686046,original,Fe70.47071942C0.04748027Mn0.01039568Si0.02029157Cr0.01099543Ni14.69389469Mo3.0387374V0.01119535Nb0.00614745Co8.90629943Al1.94919011Ti0.8346532,1580.1
5.645064314664507,6.76198197711787,0.8687376048868739,0.0372154221037215,7.717231138538414,86.38752328310876,0.5608574633140858,original,Fe70.62926877C0.09063756Mn0.0099041Si3.72154221Cr16.20671606Ni3.6114966Mo0.01130468V0.01070444Nb0.00586243Co5.54229673Al0.08063341Ti0.079633,1109.3
5.575429196700001,6.681164449343809,0.8527341153000001,0.0071170464,7.7704144932987615,84.85387237302203,0.56700662227,original,Fe70.57071315C1.05956028Mn0.01009581Si0.71170464Cr13.49439982Ni0.89862707Mo1.1395271V0.01089548Nb0.04778017Co11.99502207Al0.06167441,1302.8
5.449041997200002,6.525707968026368,0.8133411464000002,0.0001989902,7.80240615713969,83.828638307982,0.5722207612129999,original,Fe70.59654077C1.15994316Mn0.01009951Si0.01989902Cr9.64952717Ni5.8897114Mo0.75496301V0.31698447Nb0.00599971Co11.49943653Al0.06199696Ti0.03489829,1405.6
5.225956206222596,6.220445942945145,0.7380537345738054,0.0002050174000205,7.814906375070119,84.87822494536584,0.5834646045093465,original,Fe70.70601001C0.09590815Mn0.01050089Si0.02050174Cr0.01110094Ni18.20154713Mo3.06026012V0.01130096Nb0.00620053Co6.5505568Al0.25602176Ti1.07009096,1088.6
5.222955951222295,6.228894830180368,0.7380537345738054,0.0002050174000205,7.817824083054511,85.10324407038833,0.5836246181093625,original,Fe70.70601001C0.09590815Mn0.01050089Si0.02050174Cr0.01110094Ni18.30155563Mo3.06026012V0.01130096Nb0.00620053Co6.7505738Al0.25602176Ti0.77006546,1026.6
5.456844525599999,6.5402197549169845,0.8160770486,0.0001990573,7.802693047694873,84.034408506758,0.571759193486,original,Fe70.72036039C1.12032254Mn0.01020294Si0.01990573Cr9.56275312Ni4.85139672Mo0.9902851V0.31809158Nb0.00601173Co12.30354219Al0.06211788Ti0.03501008,1429.7
5.256996734200002,6.354285303836291,0.7488169024,0.0001999530999999,7.861672793648296,84.063018013062,0.57678887302,original,Fe70.88337785C1.02975852Mn0.01019761Si0.01999531Cr3.27923102Ni10.69749144Mo0.69183776V0.01099742Nb0.00604858Co13.29688188Al0.06248535Ti0.01169726,1810.0
5.231618146846321,6.27894313352405,0.740955349248191,0.0002040186000408,7.804859588748942,86.75945110499188,0.5810736600082146,original,Fe71.00648289C0.04770436Mn0.01040095Si0.02040186Cr0.011001Ni14.90136049Mo3.05027849V0.01120102Nb0.00617056Co8.85080808Al1.27011596Ti0.81407432,1123.1
5.470988611947098,6.534441985055817,0.8230040755823002,0.0001991698000199,7.786101281176365,84.18964785603893,0.573051432948305,original,Fe71.16067871C0.69959655Mn0.0102087Si0.01991698Cr9.69826971Ni4.5839087Mo0.87574675V0.54946853Nb0.00603515Co12.31049716Al0.06225308Ti0.02341997,1412.5
5.517475966203496,6.597820795934864,0.8361927521672383,0.0001989711000397,7.784998613694634,84.5479985741936,0.5710554369912112,original,Fe71.08969199C0.93086502Mn0.01019852Si0.01989711Cr11.29836174Ni2.3696564Mo1.14983327V0.01099841Nb0.06019127Co12.99811527Al0.06219098,1282.2
5.26619641202662,6.356061771222293,0.7517165874751716,0.0001999665000199,7.863021774046771,83.90280807248827,0.5763979033466398,original,Fe71.08809274C1.07981913Mn0.01019829Si0.01999665Cr3.35943729Ni10.7981913Mo0.69688327V0.01099816Nb0.00604899Co12.89783961Al0.02079652Ti0.01169804,1777.6
5.233510919846702,6.31061096483106,0.7433385106486677,0.0002030225000406,7.798308437699553,88.05741807262146,0.5796434804449286,original,Fe71.20790408C0.14301587Mn0.01040115Si0.02030225Cr0.01100122Ni14.60162078Mo2.97032971V0.01120124Nb0.12301365Co8.52094582Al2.0702298Ti0.31003441,1026.6
5.236941331423691,6.232093926905816,0.7423184595742318,0.0002048144000204,7.819980684861672,84.91397623002138,0.5828297263012829,original,Fe71.13555119C0.14386965Mn0.0104905Si0.02048144Cr0.01108995Ni17.98370676Mo3.05723015V0.01128977Nb0.00619439Co6.54407107Al0.23478728Ti0.84123784,1109.3
5.6844815825,6.747126654153112,0.887890934,0.0074602438999999,7.741101113598786,85.69527797744882,0.5687442900050002,original,Fe71.20232832C0.4710154Mn0.6390209Si0.74602439Cr13.30043492Ni0.00964032Mo3.6301187V0.01110036N0.12100396Nb0.0060902Co9.80032047Al0.06290206,1258.2
5.267569721400001,6.355020706871982,0.7523427877,0.0001998646,7.861355936005872,83.941571385058,0.5765797172199999,original,Fe71.15179466C1.02930265Mn0.01019309Si0.01998646Cr3.35772514Ni10.79268795Mo0.69752743V0.01099255Nb0.0060459Co12.89126617Al0.02078592Ti0.01169208,1743.5
5.2710755795000015,6.355144386527589,0.753662462,0.0001999761,7.860161630052876,83.968793390646,0.5766269993950001,original,Fe71.29147354C0.98388233Mn0.01019878Si0.01999761Cr3.34959939Ni10.69872043Mo0.69791653V0.01099868Nb0.00605928Co12.89845734Al0.0208975Ti0.01179859,1792.1
5.272122631599998,6.358610903031202,0.7536916257999996,0.0001999864999999,7.863656582153665,83.88082984740197,0.5761135623549998,original,Fe71.29518757C1.0799271Mn0.01019931Si0.01999865Cr3.34977389Ni10.59928455Mo0.69695296V0.01099926Nb0.00604959Co12.89912931Al0.0207986Ti0.01169921,1741.8
5.272151743827215,6.357591530390814,0.7537014771753702,0.0001999785000199,7.863351964077222,83.86926584502693,0.5761571131176157,original,Fe71.29233607C1.07988391Mn0.0101989Si0.01999785Cr3.35963884Ni10.69884987Mo0.69092573V0.01099882Nb0.00604935Co12.79862415Al0.02079776Ti0.01169874,1746.6
5.274032115699999,6.360080263224607,0.7541932693,0.0002000664999999,7.864778830058031,83.83310630606798,0.5758819307599999,original,Fe71.32371514C1.12037252Mn0.01020339Si0.02000665Cr3.3711209Ni10.60352567Mo0.69723183V0.01100366Nb0.00605201Co12.80425742Al0.02080692Ti0.01170389,1804.2
5.678212904132178,6.67192637377711,0.8883644981111637,0.0058885231994111,7.651047277879631,87.63682708935832,0.5707674985019233,original,Fe71.38209737C0.1379654Mn0.60184906Si0.58885232Cr15.39613865Ni7.97799912Mo1.43963894V0.01079729Nb0.00592851Co0.00934766Al2.44938569,1478.4
5.274150097972584,6.356660682188115,0.7546876007245311,0.00019995629998,7.860316815248935,83.95911863164811,0.5764913966483509,original,Fe71.38440251C0.98378504Mn0.01019777Si0.01999563Cr3.359266Ni10.59768441Mo0.69784752V0.0109976Nb0.00604868Co12.89718197Al0.02079546Ti0.01179742,1795.5
5.275055908027506,6.36009275014886,0.7546044461754606,0.0003997891000399,7.863469972773642,83.87906557800193,0.5759600310875961,original,Fe71.36235636C1.0794306Mn0.01019462Si0.03997891Cr3.36822326Ni10.59441145Mo0.70262936V0.0109942Nb0.00604681Co12.79325156Al0.02078903Ti0.01169383,1818.0
5.693531323399999,6.742143819413342,0.8912493478999999,0.0060485568,7.742489846923601,85.64609614359624,0.5702700675310001,original,Fe71.48294417C0.37790983Mn0.60885473Si0.60485568Cr13.29682738Ni0.0096577Mo3.71911262V0.01109735N0.20195181Nb0.00609854Co9.61770522Al0.06298497,1287.4
5.247049016899999,6.238146896655853,0.7476047312,0.0002048947,7.822803432989049,84.93688134233203,0.5827351641390001,original,Fe71.66316513C0.09595068Mn0.01049461Si0.02048947Cr0.0110943Ni17.7908555Mo2.87852044V0.01129419Nb0.18590445Co6.64658366Al0.19190136Ti0.49374621,1005.9
5.447255683044726,6.425512637679565,0.8131505955813151,0.0006061473000606,7.765715113112588,84.95602729802204,0.5783040278098305,original,Fe71.81745164C0.0473115Mn0.0103025Si0.06061473Cr8.66210489Ni9.69235524Mo0.11802868N0.04050984Co7.84190558W0.70717184Al0.42110233Ti0.58114122,1525.0
5.720619116172062,6.700856535608645,0.9019563013901956,0.0058083115005808,7.645913737695421,86.78730208841274,0.5690939843979095,original,Fe71.77913381C0.31690787Mn0.59382737Si0.58083115Cr17.79482704Ni6.47811681Mo0.01129672V0.01069689Nb0.0058483Co0.00921732Al2.41929671,1362.9
5.4276495489,6.421286637050311,0.805157306,0.0002019954999999,7.747530264547928,86.625955799794,0.5763030377269999,original,Fe71.89841105C0.09449791Mn0.01029977Si0.02019955Cr5.56987691Ni10.79976133Mo3.01993326V0.01109975Nb0.00610986Co5.96986807Al1.48996707Ti1.10997547,1071.4
5.43920490348784,6.419911128931198,0.8115642553623129,0.0002029297000405,7.755233091270001,85.55505736671103,0.5764419501732885,original,Fe71.97507503C0.09476718Mn0.0103964Si0.02029297Cr5.58806485Ni10.89622664Mo3.02895107V0.54781029Nb0.00612788Co6.08789176Al0.86470055Ti0.87969536,1136.8
5.8292282457,6.76028050748038,0.9304845988,0.0061867161,7.651133060522631,84.027952315532,0.5683328139320001,original,Fe71.96180268C0.40678408Mn2.76853046Si0.61867161Cr18.29029151Ni4.10781957Mo0.01129401V0.01069432Nb0.0058469Co0.0092251Al1.80903976,1236.6
5.453569744745359,6.40856003409841,0.8180127381818013,0.0002029869000202,7.759973335124873,84.27053337948304,0.5767122820606713,original,Fe72.09534985C0.04759693Mn0.01039933Si0.02029869Cr5.59963882Ni10.899297Mo3.03980393V1.04993228Nb0.0061496Co6.10960593Al0.19098768Ti0.93093995,1040.4
5.267684202380304,6.302360190990155,0.75669987502701,0.0002038669000611,7.81277612005083,86.26062009274018,0.5795604669958684,original,Fe72.05294942C0.09543768Mn0.01039321Si0.02038669Cr0.01099282Ni14.29066819Mo2.9880488V0.48368415Nb0.12391908Co8.66434218Al1.01933437Ti0.23984338,1026.6
5.263644209099997,6.273643828091017,0.7522928070999998,0.0002038338999999,7.814908067720849,85.55107809903596,0.580021864193,original,Fe72.04130795C0.09542226Mn0.01039153Si0.02038339Cr0.01099105Ni14.58811506Mo2.86766371V0.29276149Nb0.00616498Co8.45311325Al0.76437726Ti0.84930807,1164.4
5.695272462769526,6.733120728695057,0.8933634868893361,0.0064717487006471,7.734496096375605,85.93349838847294,0.569620718468962,original,Fe72.11948669C0.18905108Mn0.45512297Si0.64717487Cr13.10354058Ni0.00967261Mo3.64098379V0.011103N0.12203297Nb0.00611165Co9.63260273Al0.06311705,1219.7
5.259654964374035,6.298262112231803,0.7519674691248033,0.0002038672999796,7.819146250090675,86.47311039448867,0.5797091493380291,original,Fe72.05309344C0.19087574Mn0.01039323Si0.02038673Cr0.01099284Ni14.69043653Mo2.98805478V0.01129265Nb0.12291998Co8.55443107Al1.05931039Ti0.28781263,1019.7
5.475770592547578,6.589148525770015,0.8190215273819021,0.0118953644011895,7.817962403390608,84.67245064845127,0.5660231987396025,original,Fe72.07191358C0.96962214Mn0.01009607Si1.18953644Cr8.74659145Ni2.45904171Mo0.75170706V0.3158769Nb0.00596767Co13.39478005Al0.06167596Ti0.02319096,1391.8
5.44270547414427,6.362932591552557,0.8068327014806832,0.0002029888000202,7.76063572046865,83.98970982854297,0.5773392513797339,original,Fe72.19600034C0.04749737Mn0.01039942Si0.02029888Cr5.48969587Ni10.89939617Mo2.96983547V0.01119938Nb0.00613966Co5.99966762Al0.18998947Ti2.15988034,1164.4
5.301175536169883,6.368264484349461,0.7635769237236424,0.0010006097998999,7.857653722011035,83.98581066770141,0.5759085426554093,original,Fe72.24402551C0.79748599Mn0.1641Si0.10006098Cr3.22196346Ni9.61585991Mo0.71043294V0.01110677Nb0.0060637Co13.10798801Al0.02091274,1547.3
5.717467581471747,6.698232883527068,0.9008505696900851,0.0058751096005875,7.65750548712298,87.30046449427407,0.5683011754968302,original,Fe72.36293404C0.32027855Mn0.60052227Si0.58751096Cr15.81375322Ni6.55570149Mo1.29112289V0.0108094Nb0.00591514Co0.00932811Al2.44212392,1463.0
5.269480519799998,6.231160325931352,0.7688681118,0.0033903211,7.808158884406002,81.287285820616,0.5767298983020002,original,Fe72.40685693C0.14001326Mn0.05100483Si0.33903211Cr0.01080102Ni15.70148693Mo0.01170111V4.40041672Nb0.00603057Co6.56062129Al0.2080197Ti0.16401553,1536.5
5.286052779471396,6.572812577436062,0.7266816690273319,0.0899780649910022,7.93118531964423,86.85797896095221,0.5413565389198645,original,Fe72.56295562C1.55134595Mn0.06775879Si8.9978065Cr0.01020886Ni16.7145015Mo0.01110964V0.01040903Nb0.00572497Co0.00902783Al0.05915132,1250.5
5.454045074500001,6.387301085807548,0.8126778657000001,0.0002030251,7.766525298509143,84.43805634770601,0.5769675154680001,original,Fe72.70897956C0.04760588Mn0.01040128Si0.02030251Cr5.4906781Ni10.80133396Mo3.04037549V0.01120138Nb0.00615076Co6.11075468Al0.21202619Ti1.54019021,1123.1
5.857455884799998,6.770754067668963,0.9418930556,0.0098281808,7.704369663526089,83.41712724780139,0.5705028008980001,original,Fe72.9864902C0.41392338Mn1.00981308Si0.98281808Cr18.59655778Ni3.94926899Mo1.5797076V0.010798N0.39392708Nb0.0059389Co0.00936827Al0.06138864,1016.4
5.484341059551567,6.540703743967222,0.8260051117173997,0.0002018316999798,7.821463478908296,84.6079853943832,0.5698776020530124,original,Fe73.0390854C0.89625253Mn0.01029142Si0.02018317Cr7.41381688Ni2.70774174Mo1.41881671V0.31174001Nb0.00609492Co13.68858372W0.40066584Al0.06304742Ti0.02368025,1371.1
5.808106633638378,6.7300959908127584,0.9311836784137631,0.0055316334988936,7.686926857962794,83.89222036230757,0.5680240454853951,original,Fe73.22162235C0.41512259Mn0.50414888Si0.55316335Cr18.20537605Ni3.95116678Mo1.1703456V0.01090322Nb0.00597176Co1.90056124Al0.0616182,1117.3
5.695796853399998,6.682794430790513,0.8926076026,0.005329717,7.766614574024087,85.26255988232951,0.5686818920140001,original,Fe73.19611329C0.47997451Mn0.55597048Si0.5329717Cr13.59927788Ni0.00980948Mo0.01199936V0.0112994N0.12299347Nb0.00619967Co9.52949398W1.87990018Al0.0639966,1232.0
5.295705208799999,6.3469335949674,0.7619125706000001,0.0009999094,7.869361674785716,83.845373334648,0.5755035433689999,original,Fe73.29335962C0.74993206Mn0.16398514Si0.09999094Cr2.12980704Ni9.6391267Mo0.58694682V0.01109899Nb0.00605945Co13.29879513Al0.02089811,1592.9
5.294540494099999,6.343028573958263,0.7618913763999999,0.0008022683,7.869734889486203,83.881884524334,0.5754770735519998,original,Fe73.42455317C0.75025088Mn0.06152057Si0.08022683Cr2.11070582Ni9.74325815Mo0.57519234V0.01110371Nb0.00606203Co13.20441556Al0.02090699Ti0.01180395,1629.9
5.467908991746792,6.403971811609758,0.8190137854819013,0.0002030586000203,7.77603907505028,84.570008688907,0.5762795166516279,original,Fe73.52121087C0.09512744Mn0.010403Si0.02030586Cr5.49158432Ni10.8031167Mo2.86082535V0.01120323Nb0.00615177Co6.01173439Al0.19005483Ti0.97828223,1047.3
5.692137617930788,6.699910241384139,0.8917450225108258,0.00439972679956,7.7560299477230545,84.64872522877734,0.5679596987142042,original,Fe73.49543593C0.51396808Mn0.59296318Si0.43997268Cr12.79920517Ni0.00956941Mo2.26985904V0.01099932N0.08019502Nb0.00603962Co9.71939643Al0.06239613,1096.5
5.540053273654004,6.5691150685986335,0.8441350754844134,0.0001979986000197,7.807143842582033,83.53762813648977,0.568148915792815,original,Fe73.49949285C1.10999234Mn0.01009993Si0.01979986Cr9.73993279Ni2.65998165Mo0.7539948V0.40399721Nb0.00598996Co11.69991927Al0.06189957Ti0.03489976,1615.8
5.538544012053854,6.566424869905961,0.8435116222843511,0.0001980283000198,7.8077714989421265,83.61471482353947,0.5683456734358345,original,Fe73.61052631C1.07015303Mn0.01010144Si0.01980283Cr9.64137872Ni2.66038043Mo0.75510798V0.32804691Nb0.00600086Co11.80168764Al0.06190885Ti0.03490499,1522.7
5.321582439167843,6.296737070326181,0.7723865852227614,0.0002039761999796,7.822557085178007,84.81615023580238,0.5776522321862348,original,Fe73.69139285C0.09558884Mn0.01049877Si0.02039762Cr0.01099872Ni12.69851681Mo2.98965081V0.5299381Nb0.00617928Co8.66898746Al0.42595025Ti0.8519005,1061.1
5.5432585390543245,6.5632411277714535,0.8458286975845826,0.0001990533000199,7.798525339954987,83.82619204819859,0.5693531137159352,original,Fe73.71974952C0.83622402Mn0.01020273Si0.01990533Cr9.77261808Ni2.6607128Mo0.75620259V0.31808522Nb0.00601161Co11.80316207Al0.06211664Ti0.03500938,1426.2
5.541166277899997,6.568008655903928,0.8442548124999997,0.0001979938999999,7.809404368248471,83.57445270257799,0.568080622307,original,Fe73.69772274C1.1099657Mn0.01009969Si0.01979939Cr9.63970213Ni2.65991781Mo0.75497667V0.31699021Nb0.00598981Co11.69963848Al0.06189809Ti0.02329928,1564.0
5.888931856522214,6.736461371079339,0.9495524820100896,0.0058616752988276,7.689993860179731,80.98593704869283,0.5681675012603665,original,Fe74.02115525C0.45713065Mn3.00085765Si0.58616753Cr17.90511728Ni3.93112352Mo0.01140326V0.01080309Nb0.00591169Co0.00931266Al0.06101744,1130.4
5.350864180535086,6.367941945630833,0.780459486878046,0.0009996017000999,7.855894116863839,83.67153354322114,0.574638846425464,original,Fe74.07048291C0.70172036Mn0.16393467Si0.09996017Cr3.20872132Ni9.63615999Mo0.58576657V0.01099562Nb0.00604759Co11.49541908Al0.02079171,1455.4
5.883788442600001,6.731236761513428,0.9515285428,0.0035388141,7.6858871703900675,81.82469791404601,0.568417324353,original,Fe74.37507691C0.41386132Mn2.16927308Si0.35388141Cr17.99397022Ni4.0086567Mo0.59779968V0.01079638Nb0.00593801Co0.00936686Al0.06137943,1028.7
5.6777181635,6.614964451769162,0.8920309379999998,0.0001969695999999,7.671878832497557,87.67300929142799,0.57017821653,original,Fe74.48852132C0.13797874Mn0.01009844Si0.01969696Cr13.39793538Ni7.93877663Mo1.28980124V0.01079834Nb0.00593908Co0.00936856Al2.67958708Ti0.01149823,1521.3
5.330366196199999,6.512136937611965,0.7485397286000001,0.0820194631999999,7.877634171370058,87.52470281767201,0.5492987525840001,original,Fe74.71773052C0.08992134Mn0.09822331Si8.20194632Cr0.01040247Ni16.60394011Mo0.01120266V0.01060252Nb0.00581138Co0.00916217Al0.14003323Ti0.10102397,1801.8
5.346209489034621,6.355049439636605,0.7788334393778832,0.00120009530012,7.866533099195128,83.64429108031841,0.5740577641884057,original,Fe74.80593959C0.7040559Mn0.16401302Si0.12000953Cr2.18017311Ni9.67076786Mo0.71605685V0.01110088Nb0.00606048Co11.60092111Al0.02090166,1503.4
5.692156506100001,6.60422473045202,0.8965352604,0.0001971024,7.681664905841628,86.81509040147002,0.57015333166,original,Fe75.03897524C0.13807171Mn0.01010525Si0.01971024Cr13.30691161Ni7.8941002Mo1.28066518V0.01090566Nb0.0059631Co0.00940488Al2.18113288Ti0.10405405,1350.3
5.689357666531064,6.6029007783323,0.895730131410427,0.0003941585999605,7.686805875205638,86.63328853592066,0.5701870493049814,original,Fe75.03019966C0.18407409Mn0.01010407Si0.03941586Cr13.30535541Ni8.14327767Mo1.21048722V0.01090439Nb0.0059624Co0.00939378Al2.05082546,1308.0
5.6938060567,6.60458012614323,0.8968225255000001,0.0001969457,7.684781996219863,86.7572472753474,0.5705263989830001,original,Fe75.07931565C0.13796199Mn0.01009722Si0.01969457Cr13.29633686Ni7.83784067Mo1.27964746V0.010897N0.03948912Nb0.00595836Co0.00938741Al2.16940233Ti0.10397136,1357.9
5.694054576369406,6.606735108125803,0.8973221961897323,0.0001970555000197,7.681961795735472,86.86657377150468,0.5700487777070049,original,Fe75.1211466C0.13803886Mn0.01010284Si0.01970555Cr13.303745Ni7.84220758Mo1.28036042V0.01090307Nb0.00596168Co0.00939264Al2.20061947Ti0.05781628,1317.0
5.694368335230565,6.607063468986883,0.8972791147102723,0.0001970459999802,7.685461700358961,86.8109121346989,0.5705303078799472,original,Fe75.11753995C0.13803223Mn0.01010236Si0.0197046Cr13.30310628Ni7.87183807Mo1.28029895V0.01090255N0.03950923Nb0.00596139Co0.00939219Al2.17050681Ti0.0231054,1269.0
5.696754992430325,6.609375348853859,0.8981131584101887,0.0001970095999802,7.685004090343703,86.7932827776175,0.5705216093479477,original,Fe75.10364253C0.13800669Mn0.01010049Si0.01970096Cr13.40064993Ni7.82037929Mo1.28006208V0.01090053N0.03950192Nb0.00596029Co0.00939046Al2.15010428Ti0.01160056,1306.9
5.695712051330429,6.607886281111204,0.898028968610197,0.0001969691999803,7.682878802848358,86.77611391582639,0.5701932617389808,original,Fe75.08824118C0.13797839Mn0.01009842Si0.01969692Cr13.39790189Ni7.90876149Mo1.28979802V0.01089829Nb0.00595907Co0.00939853Al2.10966963Ti0.01159818,1285.0
5.6943580505,6.6097193053881,0.8974240197000001,0.0001970559,7.683948132215059,86.86135824445202,0.5698316362410001,original,Fe75.12129689C0.18405218Mn0.01010286Si0.01970559Cr13.30377162Ni7.83222043Mo1.29036582V0.01090309Nb0.00596169Co0.00939266Al2.20062388Ti0.01160329,1297.5
5.693814116999998,6.6071887228623725,0.8970888873999999,0.0001970041999999,7.684112519417069,86.78195665392401,0.5698811614460001,original,Fe75.10161468C0.18400396Mn0.01010022Si0.01970042Cr13.30028596Ni7.85016878Mo1.28002752V0.01090023Nb0.00596013Co0.0093902Al2.17004666Ti0.05780124,1344.0
5.693605876538722,6.604259054838726,0.8968256595793652,0.0001969684000393,7.684348368658848,86.6793946055819,0.5699264558019852,original,Fe75.08794838C0.18397047Mn0.01009838Si0.01969684Cr13.29786569Ni7.85873867Mo1.2697962V0.01089825Nb0.00595904Co0.00938849Al2.12965819Ti0.11598138,1348.6
5.349571474599998,6.349381018316721,0.7803555788999998,0.0011994834999999,7.86276487664496,83.665845403754,0.574568774672,original,Fe75.06767586C0.56275768Mn0.18492037Si0.11994835Cr2.1790617Ni9.66583789Mo0.58674735V0.01109522Nb0.00605739Co11.59500719Al0.020891,1463.3
5.69621055916962,6.606120540589872,0.8977779244897777,0.0001969579000196,7.685807705951296,86.74430119293231,0.5704559666980457,original,Fe75.18394823C0.13797054Mn0.01009784Si0.01969579Cr13.29716106Ni7.80833292Mo1.26972891V0.01089767N0.03949157Nb0.00595873Co0.009388Al2.14954107Ti0.05778766,1276.7
5.69548665423045,6.607608015031162,0.8979155176102084,0.0001969661999803,7.682817628471057,86.85242766743875,0.5700208884399978,original,Fe75.18709789C0.13797632Mn0.01009827Si0.01969662Cr13.29771811Ni7.83865489Mo1.27978039V0.01089813Nb0.00595898Co0.00939839Al2.17962598Ti0.02309604,1296.0
5.6984116286,6.608354131922647,0.8989288277,0.0001969692,7.683526844819336,86.731630876804,0.5700932773960001,original,Fe75.18822552C0.13797839Mn0.01009842Si0.01969692Cr13.39790189Ni7.83877245Mo1.27979958V0.01089829Nb0.00595907Co0.00939853Al2.08967276Ti0.01159818,1277.7
5.696030329000001,6.604733294411753,0.8976740848000001,0.0001969132,7.685302371982781,86.62451186925001,0.5698797049960002,original,Fe75.16688147C0.18391897Mn0.01009555Si0.01969132Cr13.2941426Ni7.82655162Mo1.27943628V0.0108952Nb0.00595738Co0.00939586Al2.08907955Ti0.1039542,1391.2
5.695471266530453,6.608148068451189,0.8977955783102204,0.0001969179999803,7.685337092098795,86.7511824984029,0.5698807416600119,original,Fe75.16868473C0.18392338Mn0.01009579Si0.0196918Cr13.29446153Ni7.86672272Mo1.28946281V0.01089546Nb0.00595752Co0.00939609Al2.12911301Ti0.01159517,1312.0
5.697646754230237,6.606439869894216,0.8986356669101365,0.0001969267999803,7.684283639719359,86.73560059165642,0.570019884619998,original,Fe75.27202891C0.13794874Mn0.01009625Si0.01969268Cr13.29505956Ni7.83708774Mo1.26952824V0.01089595Nb0.00595779Co0.00939651Al2.10921622Ti0.02309142,1276.5
5.5642285567435765,6.560228598442917,0.8525465251147453,0.00019915059998,7.814509975141408,83.53977640996001,0.5672882799032712,original,Fe75.35696987C0.92970286Mn0.01020772Si0.01991506Cr8.80665783Ni2.00151314Mo0.75657197V0.31824059Nb0.00600454Co11.70885189Al0.06204691Ti0.02331763,1357.3
5.697239020299999,6.606484047707667,0.8983081939999998,0.0001968331999999,7.686582138997157,86.70829799044,0.5697141742749999,original,Fe75.33614508C0.18384417Mn0.01009145Si0.01968332Cr13.18882116Ni7.79339432Mo1.27891599V0.01089077Nb0.00595495Co0.00939204Al2.12819614Ti0.03467061,1294.9
5.863259068086324,6.725911585131901,0.9448392290944836,0.0049282820004928,7.733190163519184,82.65906848472243,0.5697588260709758,original,Fe75.37372472C0.59879126Mn1.00964804Si0.4928282Cr16.4942501Ni3.95862003Mo1.58944592V0.0108962N0.39486235Nb0.00595792Co0.00939672Al0.06157853,1155.0
5.889529126511047,6.717174899521146,0.9495459615050452,0.0046863717995313,7.710980192548111,80.57752813656225,0.5667809171973218,original,Fe75.34167048C0.6395049Mn2.9976792Si0.46863718Cr16.58715822Ni3.86700616Mo0.01139118V0.01079165Nb0.00590543Co0.0093028Al0.06095281,1153.4
5.709357066900001,6.600823890096321,0.9023812859,0.0001980902999999,7.694444574779382,85.89590070930201,0.570116004903,original,Fe75.53444371C0.1850844Mn0.01010461Si0.01980903Cr13.40611319Ni7.94362229Mo1.27057938V0.01090497Nb0.00598273Co0.0094243Al1.58072081Ti0.02321058,1280.2
5.768229205823176,6.7442243694663215,0.9119927998088004,0.0236005899976399,7.763828302874688,84.31802472587502,0.5601497038059849,original,Fe75.50188755C0.5520138Mn0.54301358Si2.360059Cr12.80032001Ni1.880047Mo1.73004325V0.3800095N0.19700493Nb0.2440061Co3.75009375Al0.06150154,1074.9
5.680130932463976,6.535628284877717,0.8914133205217176,0.0021915515995616,7.718587801283181,84.23118425770377,0.5720901278085821,original,Fe75.75363357C0.04653295Mn0.07125045Si0.21915516Cr12.10857287Ni9.8169504Mo1.19084312V0.01100779Nb0.00602427Co0.00948672Al0.49735213Ti0.26919059,1157.5
5.712156752771215,6.603071046970055,0.903116998390312,0.0007911290000791,7.696130967428331,85.90729228715072,0.5696860638009685,original,Fe75.71234868C0.18503018Mn0.01010165Si0.0791129Cr13.30216958Ni7.81127402Mo1.27020717V0.01090178Nb0.00597097Co0.00942154Al1.58025774Ti0.02320378,1280.8
5.811315468599999,6.755713329799255,0.9338172215,0.0001988992999999,7.773361747805745,82.843778678816,0.5579913823409999,original,Fe75.66167736C1.85905839Mn0.16291748Si0.01988993Cr13.09336821Ni0.00952518Mo3.40827371V1.04946844Nb0.00601695Co4.66763584Al0.06216851,1667.4
5.685963370668596,6.52845461364581,0.8937732299893772,0.0002029948000202,7.723137967716004,85.00482050361646,0.5717992477471799,original,Fe75.79805199C0.14199635Mn0.01039973Si0.02029948Cr12.2996839Ni9.31976048Mo0.01189969V0.01119971Nb0.00611984Co0.00964975W1.23996813Al0.82197888Ti0.30899206,1199.0
5.71080394262892,6.600357211754101,0.9028253383097172,0.0001979682999802,7.695362456478774,85.98503819374949,0.5697656225110234,original,Fe75.78788152C0.18497042Mn0.01009839Si0.01979683Cr13.19788966Ni7.79875298Mo1.26979696V0.01089826Nb0.00596905Co0.00941849Al1.66973301Ti0.03479444,1305.4
5.3366248525,6.130933370709375,0.7711793183,0.0002018417,7.810979626106494,82.127671853486,0.5800064919179999,original,Fe75.84053344C0.04716302Mn0.01029193Si0.02018417Cr0.01089146Ni20.28409524Mo1.23902848V0.0110913Nb0.00609522Co0.00960247Al0.27278611Ti2.24823716,1661.2
5.350229837935022,6.439337979165221,0.7612372413761238,0.0639882773063988,7.870569332155536,86.32434541459845,0.5555512360475552,original,Fe75.98607935C0.04539168Mn0.09918183Si6.39882773Cr0.01049808Ni17.19684954Mo0.01139791V0.01069804Nb0.00586892Co0.00924831Al0.1009815Ti0.1249771,1474.4
5.677303350400001,6.536880662184038,0.8918043117000002,0.0002000969,7.719036605656294,84.871949491508,0.5722368620850002,original,Fe76.03681703C0.04682267Mn0.01020494Si0.02000969Cr11.30547411Ni9.86477652Mo1.81087683V0.01100533Nb0.00605293Co0.00953462Al0.74936284Ti0.12906249,1091.4
5.686182143099999,6.529297657324577,0.8911144444,0.0019898311,7.727889374881334,83.703727326582,0.571820636437,original,Fe76.19353117C0.0929921Mn0.75193616Si0.19898311Cr10.99906618Ni9.70917569Mo1.14990237V0.01099907Nb0.00600949Co0.0094792Al0.62094728Ti0.25697818,1145.8
5.671086986832892,6.524110615280531,0.889649752511035,0.0003979867999602,7.722597259636687,84.55578181382842,0.5723584879377641,original,Fe76.29747455C0.04659846Mn0.05089832Si0.03979868Cr11.39962267Ni10.0996657Mo1.19996028V0.01099964Nb0.0060198Co0.00948969Al0.74597531Ti0.09349691,1194.0
5.776135594955227,6.668863146372141,0.9200451777840092,0.0061480640012296,7.758097746314305,84.68316319975463,0.5648493649219699,original,Fe76.27598069C0.47884921Mn0.52383504Si0.6148064Cr13.29581315Ni1.95938299Mo0.01199622V0.01129644Nb0.00618805Co4.87846377W1.87940817Al0.06397985,1235.9
5.666908479066691,6.535898641959596,0.885077889488508,0.0081426578008142,7.731758431080714,84.50815016195084,0.569817138293982,original,Fe76.32491245Mn0.1020333Si0.81426578Cr10.90355892Ni9.88322588Mo1.16037875V0.01090356Nb0.00600196Co0.00946309Al0.5171688Ti0.2680875,1221.6
5.600374221639962,6.4760157103538205,0.8650765413134922,0.0019988334998001,7.736969792883958,85.54972567991504,0.5722184793027781,original,Fe76.35543897C0.04667276Mn0.0510702Si0.19988335Cr8.30515311Ni11.69317586Mo1.7789618V0.01099358Nb0.00603648Co0.00951445Al1.30923593Ti0.23386352,1506.8
5.3633332011000014,6.43936477587987,0.7665641581000002,0.0618072129,7.874134180062863,86.12210083078402,0.5556742651870001,original,Fe76.50892859C0.09091061Mn0.10901272Si6.18072129Cr0.01050123Ni17.00198413Mo0.01140133V0.01070125Nb0.00587069Co0.00926108Al0.06070708,1419.4
5.677477476200001,6.5204622575530005,0.8907115355999999,0.0019900631,7.725755078559728,84.221689593602,0.571879680575,original,Fe76.50242513Mn0.07130226Si0.19900631Cr11.20035505Ni9.92031447Mo1.28004058V0.01100035Nb0.00603019Co0.0095003Al0.51901645Ti0.28100891,1224.7
5.674154062867417,6.529411809761642,0.8882212765888222,0.005970209600597,7.731879993505409,84.23032225317904,0.5705664108580569,original,Fe76.50268524Mn0.11200393Si0.59702096Cr11.00038611Ni9.9003475Mo1.19004177V0.01100039Nb0.00601021Co0.00948033Al0.41401453Ti0.25700902,1173.8
5.6665470020666575,6.5122045402409485,0.8872810992887282,0.0009994272000999,7.732027250071446,84.44032405436208,0.5720381339722039,original,Fe76.55612568C0.04677319Mn0.08185309Si0.09994272Cr10.19415773Ni10.29410045Mo1.87892319V0.0109937Nb0.00605653Co0.00954453Al0.56267753Ti0.25885165,1267.8
5.691366752530864,6.541093508628656,0.8955220403104478,0.0001989888999801,7.719312034848435,84.71455147902455,0.5707441594109256,original,Fe76.5957183C0.13999217Mn0.01019943Si0.01989889Cr11.49935719Ni8.99949693Mo1.42992007V0.01099939Nb0.00600966Co0.00947947Al0.95194679Ti0.32698172,1182.0
5.700901193,6.527307730969016,0.8988854155999999,0.0003986474999999,7.721298906321643,83.719940774408,0.5723031942769997,original,Fe76.53232247Mn0.05095494Si0.03986475Cr12.08930942Ni9.44165075Mo1.19893978V0.01099028Nb0.00602467Co0.00949161Al0.26976145Ti0.35068988,1172.0
5.681788550231821,6.520387162899848,0.8913404251108661,0.001589483299841,7.7258635514748,84.0520366206648,0.5719899590568011,original,Fe76.57510543Mn0.36588105Si0.15894833Cr10.99642506Ni9.80681181Mo1.17961651V0.01099643Nb0.00601804Co0.00948692Al0.62179785Ti0.26891258,1178.9
5.682721336068272,6.520008861998795,0.8914169671891417,0.001590119100159,7.726754732689729,83.9819365859002,0.5720159569922015,original,Fe76.60573777Mn0.44803356Si0.15901191Cr10.90081647Ni9.81073482Mo1.17008764V0.01100082Nb0.00602045Co0.00949071Al0.62204659Ti0.25701925,1163.0
5.676556299400002,6.525246991894693,0.8896652864000001,0.0035778894,7.730410303408417,84.246368830274,0.5709245955690002,original,Fe76.65478134C0.04647259Mn0.11193397Si0.35778894Cr10.99351493Ni9.80421649Mo1.18929843V0.01099351Nb0.00600646Co0.00947441Al0.55867044Ti0.25684849,1175.4
5.677770584432224,6.511543726750467,0.8912536621108748,0.0005979847999402,7.730020987953151,84.03628651053039,0.5720276374917972,original,Fe76.79804933C0.04659882Mn0.03059922Si0.05979848Cr10.99972061Ni9.99974601Mo1.27996749V0.01099972Nb0.00602985Co0.00950976Al0.47798786Ti0.28099286,1340.8
5.681728460031827,6.521372899969432,0.8921910776107811,0.001189867799881,7.727327480275249,84.22013828521803,0.5715677718438433,original,Fe76.79146847C0.04659482Mn0.12198645Si0.11898678Cr11.09876693Ni9.71892023Mo1.18986781V0.01099878Nb0.00601933Co0.00948895Al0.64192868Ti0.24497278,1258.8
5.611303150338868,6.470283043031264,0.8687821683131216,0.0017989639998201,7.744026530672214,84.98424227551757,0.572288169250771,original,Fe76.75579634C0.04677306Mn0.05117053Si0.1798964Cr8.26524005Ni11.69326585Mo1.78896973V0.01099367Nb0.00604652Co0.00953451Al0.95744861Ti0.23486474,1414.5
5.681771704768177,6.519714968419272,0.8912987690891301,0.0019886358001988,7.732520814422307,83.86662902877266,0.571349462245135,original,Fe76.74735132C0.09303618Mn0.24383273Si0.19886358Cr10.99245917Ni9.80327495Mo1.12922535V0.01099246Nb0.00601587Co0.0094735Al0.49665929Ti0.26881559,1167.2
5.6844444959315545,6.517911190387292,0.8933629168106636,0.0003979036999602,7.722437743555848,84.31021061999496,0.5717569006448241,original,Fe76.88138702Mn0.05088768Si0.03979037Cr11.19728914Ni9.52769335Mo1.18971197V0.01099734Nb0.00601854Co0.0094877Al0.72482452Ti0.36191238,1282.2
5.417337184499998,6.174020992422465,0.8050744515999997,0.0002010503999999,7.793765534517205,80.56983716319597,0.574984594138,original,Fe77.01930104C0.04701178Mn0.01030258Si0.02010504Cr0.01090273Ni16.80421114Mo1.24031082V2.22055647Nb0.00607152Co0.0095724Al0.25106292Ti2.36059156,1998.6
5.6900591241,6.523829444704209,0.8933261221,0.0019901693999999,7.733777739715881,83.791691644356,0.5710143773309999,original,Fe77.00655326C0.09300791Mn0.48804153Si0.19901694Cr10.70091065Ni9.52081022Mo1.12009532V0.01100094Nb0.00601051Co0.00948081Al0.60005106Ti0.24502085,1188.6
5.682095867800002,6.519679954507097,0.8931235877,0.0003977526,7.724792527381914,84.4174090589,0.57185067468,original,Fe76.95212808Mn0.05086835Si0.03977526Cr11.09309898Ni9.71395695Mo1.19925394V0.01099316Nb0.00601626Co0.0094841Al0.72554864Ti0.19887628,1243.0
5.678683487667868,6.509433839858302,0.8912221409891222,0.0013992650001399,7.732402601719178,84.0030017305303,0.5718312590331832,original,Fe77.05952063Mn0.12193595Si0.1399265Cr10.69438224Ni9.99474976Mo1.22935422V0.01099422Nb0.00602683Co0.00949501Al0.47674956Ti0.25686507,1150.6
5.683805404599999,6.650299056959128,0.8917024112999998,0.0002009507999999,7.832145142380495,83.000737469178,0.5590523409829999,original,Fe77.18110607C1.68958639Mn0.22594469Si0.02009508Cr7.3182085Ni0.00960765Mo3.37917278V1.05974058Nb0.00606851Co9.0477851Al0.06268465,1846.5
5.700927891429908,6.530568692702487,0.8984808632101519,0.0025902841997409,7.738217715962279,83.68882962079313,0.570621059091938,original,Fe77.30848074C0.09331024Mn0.06120671Si0.25902842Cr11.20122877Ni9.45103678Mo1.26013824V0.01100121Nb0.00603066Co0.00950104Al0.18702052Ti0.15201668,1005.9
5.624496716675101,6.467118031073271,0.8727318942254537,0.00219987219956,7.757529428417598,84.22393664086123,0.5716149881746772,original,Fe77.29550913C0.14099181Mn0.05119703Si0.21998722Cr8.11952826Ni11.59932608Mo1.78989601V0.01099936Nb0.00605965Co0.00954945Al0.52196967Ti0.23498635,1218.8
5.695584777400001,6.514862821615515,0.8978649235000001,0.0005991225,7.735695986610595,83.65752309581002,0.5719902607980001,original,Fe77.41582379Mn0.05111045Si0.05991225Cr11.1022693Ni9.85201375Mo1.20024533V0.01100225Nb0.00604123Co0.00952195Al0.18703823Ti0.10502147,1032.1
5.6436062881,6.470465327273975,0.8799563870000001,0.0020115217,7.760298036940004,83.829660307686,0.5720404065889999,original,Fe77.75882455C0.04703558Mn0.07195443Si0.20115217Cr8.36632913Ni11.50870634Mo1.78134759V0.0111084Nb0.0060746Co0.00958725Al0.16712643Ti0.07075353,1010.8
5.718728073256254,6.534778291797161,0.904679676619064,0.0001989296999602,7.727520219625612,84.21828042444635,0.5698851115780229,original,Fe77.67255829C0.13995056Mn0.0101964Si0.01989297Cr12.19569126Ni8.23708984Mo0.01169587V0.01099612Nb0.00602787Co0.00949664W0.56080187Al0.80971393Ti0.3158884,1194.0
5.690955143069096,6.555846185041727,0.8949280582894928,0.0023811839002381,7.7191029329155905,86.26823659610481,0.5680535652408053,original,Fe77.8387014C0.04652313Mn0.08134044Si0.23811839Cr9.66480534Ni8.08401937Mo1.89094018V0.01100547Nb0.00601299Co0.00947471Al1.86092525Ti0.26813332,1462.7
5.638584871699999,6.5048611913718855,0.8776435790000001,0.0015906567999999,7.73476861538149,86.189986594158,0.5693053091470002,original,Fe77.83213689C0.09313846Mn0.06112524Si0.15906568Cr7.96328804Ni9.81405222Mo1.8907807V0.01100454Nb0.00602249Co0.00949392Al1.8907807Ti0.26911112,1555.8
5.713719422728626,6.534042045283754,0.9028765665097124,0.001589975999841,7.72952875980764,84.01309654444067,0.5703559006339642,original,Fe77.79882524Mn0.12199816Si0.1589976Cr11.19983088Ni8.75986773Mo1.14998264V0.01099983Nb0.00601991Co0.00948986Al0.53899186Ti0.2449963,1207.8
5.430839585599999,6.204402756388904,0.8076831961,0.0002020024999999,7.812835975104792,81.779888081126,0.5754452270849998,original,Fe77.90097376C0.09460118Mn0.01030013Si0.02020025Cr0.01090014Ni17.30021625Mo1.840023V1.0000125Nb0.00611008Co0.00964012Al0.14700184Ti1.66002075,1730.2
5.6845216397,6.490702740039091,0.8931375863,0.000197945,7.739645523879314,83.12414311974801,0.5711992438430001,original,Fe77.87836539C0.1389614Mn0.01009719Si0.0197945Cr11.39683396Ni9.72729776Mo0.01159678V0.01089697Nb0.00596834Co0.00940739Al0.43188002Ti0.3589003,1125.0
5.408962781700001,6.148127910884272,0.7926368889000001,0.0002010642,7.814865790149233,81.275960831578,0.5760631739429999,original,Fe77.92488141C0.14104504Mn0.01030329Si0.02010642Cr0.01090348Ni17.40555759Mo1.30041522V0.01110355Nb0.00608194Co0.00959306Al0.20906676Ti2.95094224,2006.0
5.4084568444,6.148467296668795,0.7924704170000001,0.000201022,7.814481637592452,81.30866646182602,0.5760555998870001,original,Fe77.9085154C0.14101541Mn0.01030113Si0.0201022Cr0.01090119Ni17.40190203Mo1.30014211V0.01110121Nb0.00608066Co0.00959105Al0.23002514Ti2.95032247,2005.5
5.395628463000001,6.401498100021911,0.7811749881000002,0.0504121897,7.869394407809493,85.397500568788,0.5585831744150003,original,Fe78.01886496C0.04571105Mn0.05991449Si5.04121897Cr0.01060256Ni16.60401485Mo0.01140276V0.01080261Nb0.00591143Co0.00931225Al0.10202467Ti0.0802194,1309.1
5.693928798430608,6.509637234636476,0.8962015282103799,0.001589824999841,7.740965283583619,83.68733415983526,0.5706956794009306,original,Fe77.99141315C0.04649488Mn0.12198657Si0.1589825Cr10.49884408Ni9.52895086Mo0.9908909V0.01099879Nb0.00601934Co0.00948896Al0.41395442Ti0.22197556,1087.0
5.650729471765072,6.501156823033822,0.881860378888186,0.0020006354002,7.739969551462533,85.49862366568983,0.5697485791369747,original,Fe78.02478067C0.04671484Mn0.0510162Si0.20006354Cr8.30263692Ni9.93315477Mo1.79056868V0.01100349Nb0.00603192Co0.00951302Al1.3904416Ti0.23407434,1475.8
5.438721182743872,6.215900038541939,0.8120333456812034,0.0002030345000203,7.814358176683927,81.99399505437343,0.5754659762035464,original,Fe78.11327926C0.04750808Mn0.01040177Si0.02030345Cr0.01100187Ni17.3029415Mo1.84031285V1.12019043Nb0.00613104Co0.00967164W0.10201734Al0.10601802Ti1.31022274,1688.1
5.428857017957116,6.164898735420247,0.8165814446183419,0.0002010126999798,7.8049877068251075,80.05867445263414,0.574710676782529,original,Fe78.10492061C0.14100888Mn0.01030065Si0.02010127Cr0.01090069Ni16.70105217Mo0.01180074V2.00012601Nb1.52009577Co0.0096006Al0.21001323Ti1.26007939,1730.2
5.809513567700002,6.730611044220792,0.9334024475,0.000202885,7.808245021532899,83.56260677715403,0.555784058615,original,Fe78.15570135C1.80897467Mn0.18689407Si0.0202885Cr8.15537753Ni0.00972449Mo5.75673708V1.0793882Nb0.00614652Co4.75730356Al0.06346403,1577.8
5.812233846800001,6.715392092664725,0.9340497647,0.0002000963,7.804046623236587,82.44583268992602,0.5560532798209998,original,Fe78.3376961C1.87090028Mn0.18408858Si0.02000963Cr10.40500689Ni0.0095546Mo3.41164168V1.06051032Nb0.0060329Co4.63222903Al0.06232999,1798.3
5.398300315599998,6.358674717801526,0.7856122994999999,0.0397113176999999,7.867889148033387,84.66263442242199,0.5624916561319998,original,Fe78.42235037C0.0919262Mn0.10002851Si3.97113177Cr0.01060302Ni17.30493191Mo0.01150328V0.01080308Nb0.00594169Co0.00936267Al0.0614175,1298.8
5.662750216766275,6.495708503457838,0.8859300349885931,0.00180091200018,7.747249913724442,84.97138101527514,0.5696559997939656,original,Fe78.53977254C0.04672366Mn0.05112589Si0.1800912Cr8.20415458Ni9.85499057Mo1.78090185V0.01100557Nb0.00604306Co0.00952482Al1.08054719Ti0.23511906,1383.5
5.422065721957793,6.147183060354713,0.80589867621941,0.0001989040999801,7.80779209427451,79.74730180353126,0.5742052186575795,original,Fe78.46217339C0.09305514Mn0.01019508Si0.01989041Cr0.0107948Ni16.69195281Mo0.01169436V2.0889929Nb0.0060171Co0.00948543Al0.18690989Ti2.4088387,1730.2
5.588298046299999,6.420252093426171,0.8613128352,0.0011997635,7.769099923788484,84.79945608972201,0.5716551657680001,original,Fe78.58451099C0.04689076Mn0.05118991Si0.11997635Cr5.75886493Ni12.39755644Mo1.71966105V0.01099783Nb0.00605881Co0.00954812Al1.05979112Ti0.23495369,1404.2
5.4339238905,6.200409482465229,0.805465811,0.0002021691,7.821221666397851,82.36512029276999,0.5760486024420002,original,Fe78.6657882C0.04733959Mn0.03102595Si0.02021691Cr0.01090912Ni17.5146475Mo1.82152334V0.01120937Nb0.00612512Co0.00965808Al0.19015903Ti1.67139779,1641.2
5.434273189643427,6.204661277399887,0.8061835991806183,0.0002031498000203,7.822927483833464,82.47626063222165,0.5760669972046069,original,Fe78.75806832C0.04743497Mn0.02071527Si0.02031498Cr0.01090804Ni17.61298605Mo1.8113355V0.01120826Nb0.00612452Co0.00965712Al0.19014019Ti1.50110677,1599.4
5.459120264254089,6.371104441677441,0.8153879703184612,0.0002020678999797,7.89540202312815,82.76988905323502,0.5670876914822914,original,Fe78.72645209C1.37046047Mn0.01030346Si0.02020679Cr1.11037309Ni10.10339474Mo1.18039661V0.11103731Nb0.00610205Co6.89231582W0.39413243Al0.06302118Ti0.01180397,1683.0
5.435300462387058,6.197838984514123,0.8061930225612385,0.0002028507000405,7.821169636841124,82.30927940094182,0.5763174300022635,original,Fe78.74205372Mn0.01039235Si0.02028507Cr0.01089198Ni17.58705768Mo1.83864694V0.01119176Nb0.00612549Co0.0096529Al0.10492279Ti1.6587793,1716.3
5.4137084773,6.163638190716594,0.7984511666,0.0002038964,7.836813260833723,82.22420429246402,0.5762032243940001,original,Fe78.85994703C0.14292741Mn0.01039472Si0.02038964Cr0.01099442Ni18.09081168Mo0.01189396V0.01119431Nb0.00616687Co0.00971507W0.93452535Al0.21189238Ti1.67914716,1600.0
5.675611226600002,6.483733794777232,0.8902487805000002,0.0016092012,7.756314515306361,84.06107095598601,0.5703558983360003,original,Fe78.86085347Mn0.07186433Si0.16092012Cr8.13596131Ni10.09498885Mo1.93903746V0.01109449Nb0.00606699Co0.00956525Al0.43878219Ti0.27086554,1263.6
5.694717927061056,6.498197268201418,0.8971362306205729,0.0020105681995978,7.761904756540945,83.7310227944278,0.5697992782580403,original,Fe79.22238825C0.04701329Mn0.04111162Si0.20105682Cr8.6224367Ni9.80277026Mo1.81051165V0.01110314Nb0.00607172Co0.00957271Al0.16704721Ti0.05891665,1061.7
5.734219994626579,6.540165902439616,0.909450603309055,0.0024006891997599,7.745762528056468,84.17871313291613,0.5680217190541978,original,Fe79.32277357C0.04681344Mn0.08192352Si0.24006892Cr9.6227627Ni8.00229746Mo1.90054565V0.01100316Nb0.00605174Co0.00954274Al0.52114962Ti0.23506749,1169.2
5.696880442100001,6.491450100029264,0.8979254993000002,0.0010095915,7.762916528290256,83.56846779278001,0.570076858923,original,Fe79.36788775C0.04698099Mn0.06167505Si0.10095915Cr8.46657442Ni9.80603248Mo1.87923966V0.01109551Nb0.00607754Co0.00957613Al0.12594904Ti0.11795228,1036.9
5.738158946773815,6.5316189066792605,0.91090128679109,0.00080066040008,7.751836964598959,83.67060145081707,0.5682856990338285,original,Fe79.46629834C0.14094023Mn0.0716696Si0.08006604Cr9.62591765Ni8.09656625Mo1.90919031V0.01099534Nb0.00605743Co0.00954595Al0.31286731Ti0.26988554,1150.6
5.428830743299997,6.158809003824301,0.8023423018999999,0.0002010224999999,7.827223517666245,81.35712070793998,0.5756455911889999,original,Fe79.60890028C0.04690524Mn0.01030115Si0.02010225Cr0.01080121Ni17.40194554Mo0.58706563V0.01110124Nb0.00606068Co0.00956107Al0.16701867Ti2.12023704,1737.2
5.620511167337948,6.430303173692442,0.8707116420129289,0.003809518499619,7.787819593932032,83.85923548426008,0.5698492040690152,original,Fe79.68992719C0.09388813Mn0.21497283Si0.38095185Cr5.39931753Ni11.79850867Mo1.74977883V0.0110986Nb0.00606923Co0.00956879Al0.48093921Ti0.16497915,1194.0
5.608869833800001,6.424079191392512,0.8681335578000002,0.0010003941,7.775644070306109,84.85829501674202,0.5701733302600002,original,Fe79.83144561C0.04691848Mn0.08203231Si0.10003941Cr5.04198604Ni11.60457104Mo1.84072506V0.01110437Nb0.00606239Co0.00955376Al1.19046893Ti0.2350926,1390.4
5.500579727850058,6.248271785889114,0.8246079343824608,0.00040081160004,7.843764626869328,80.2919172416032,0.5770244235517025,original,Fe79.86246464C0.04677801Mn2.55879737Si0.04008116Cr0.01079493Ni17.29187282Mo0.0116945V0.01099483Nb0.00604716Co0.00954551Al0.10395114Ti0.04697792,1471.1
5.613708347299999,6.423682988057022,0.8694157079,0.0024103635,7.781661233737206,84.41054870449801,0.5699715657239999,original,Fe79.91205074C0.04690707Mn0.05130774Si0.24103635Cr5.20078428Ni11.70176463Mo1.76026545V0.01110167Nb0.00606091Co0.00956144Al0.83512594Ti0.22403378,1272.6
5.447320537900002,6.169758064383652,0.8081036971000003,0.0002010624,7.825654468419923,81.36409203989002,0.5748460702150002,original,Fe79.92482465C0.0470146Mn0.0103032Si0.02010624Cr0.01080336Ni16.70518863Mo0.84726316V0.01110345Nb0.00607189Co0.00957297Al0.16705189Ti2.24069596,1392.4
5.455846601554415,6.182682348038007,0.8112472584188752,0.0002010156999798,7.824852414551969,81.55635433978438,0.5746412054705359,original,Fe79.90624068C0.04710368Mn0.0103008Si0.02010157Cr0.01090085Ni16.50128875Mo1.18009217V0.01110087Nb0.00609048Co0.00960075Al0.14701148Ti2.15016793,1874.6
5.434668267656533,6.151579465225907,0.8032655289196735,0.0002000335999799,7.82876358574835,81.00360979706163,0.5749761434805023,original,Fe79.91343345C0.09361574Mn0.01020171Si0.02000336Cr0.01080182Ni17.00285818Mo0.37506305V0.01100185Nb0.00605102Co0.0095416Al0.16702808Ti2.38040015,1730.2
5.613156526061314,6.41953008688135,0.86980034498698,0.0006018704000601,7.7791731114883325,84.54825471619087,0.570427762831043,original,Fe79.98277171C0.04698988Mn0.06158673Si0.06018704Cr5.05891031Ni11.69748036Mo1.85959944V0.01109761Nb0.00606869Co0.00956794Al0.98178852Ti0.22395176,1390.4
5.625088129400001,6.428298211622857,0.8727928637000001,0.0036112047,7.787636877949541,83.98625270678403,0.569604252981,original,Fe80.12673028C0.04691565Mn0.10303437Si0.36112047Cr5.281762Ni11.60387105Mo1.75058399V0.0111037Nb0.00607203Co0.00957319Al0.5221742Ti0.17705907,1230.6
5.622353035837764,6.417319681865987,0.8729227298127076,0.0006027555999397,7.782138986100295,84.0319014500948,0.5706409930699358,original,Fe80.06753262C0.04698095Mn0.02049169Si0.06027556Cr5.42779903Ni11.69525757Mo1.75928661V0.0110955Nb0.00606754Co0.00957612Al0.64773734Ti0.24789948,1309.8
5.432530712499998,6.149667405182792,0.8028577494999997,0.0001999320999999,7.830332213882762,81.01501502220798,0.5749661175159998,original,Fe80.07280727C0.09336829Mn0.01019654Si0.01999321Cr0.01079633Ni17.09419481Mo0.17494059V0.01099627Nb0.00603795Co0.00951677Al0.20792939Ti2.28922258,1674.6
5.619744823738024,6.419605804075446,0.8715483179128451,0.0008027748999197,7.783355721410236,84.18023636205999,0.5701619095969837,original,Fe80.07754626C0.09387368Mn0.08207699Si0.08027749Cr5.12856195Ni11.59674827Mo1.84948141V0.01109689Nb0.0060683Co0.00956732Al0.79377742Ti0.27092403,1243.6
5.622269083162228,6.431628869012357,0.8725599006872561,0.0011999689001199,7.774963930240413,84.8238947431464,0.5694921001469493,original,Fe80.19792287C0.04679879Mn0.05119867Si0.11999689Cr5.25986377Ni11.09971252Mo1.72995519V0.01099972Nb0.00604984Co0.00953975Al1.20996866Ti0.25799332,1437.3
5.622318788762232,6.418650325239215,0.872380234987238,0.002210761600221,7.787202826682384,83.95798336836779,0.5700387963470038,original,Fe80.22763842C0.0470162Mn0.03081061Si0.22107616Cr5.18178512Ni11.70403204Mo1.78061342V0.01110383Nb0.00607209Co0.0095833Al0.54418747Ti0.23608133,1216.8
5.813495915818651,6.689832938656804,0.9349031822065096,0.0002009123999799,7.8214101249690575,82.59909809174609,0.5552090988474792,original,Fe80.16504804C1.73924169Mn0.18491938Si0.02009124Cr8.04649173Ni0.00961581Mo4.02824369V1.05953804Nb0.00607735Co4.67796041Al0.06277263,1784.5
5.626451202937354,6.4250205324205645,0.8742178715125781,0.00119977519988,7.778384987212903,84.32758450700122,0.5702324314309766,original,Fe80.18497334Mn0.04099232Si0.11997752Cr5.42898261Ni11.39786404Mo1.74967211V0.01109792Nb0.00606886Co0.00956821Al0.8148473Ti0.23595578,1324.3
5.449575442100001,6.365989587498546,0.8037203960000002,0.036796795,7.868349737046365,84.38632488059001,0.5612466964250004,original,Fe80.29300648C0.04599599Mn0.0401965Si3.6796795Cr0.01059908Ni15.69863265Mo0.011499V0.01079906Nb0.00593948Co0.00936918Al0.10199112Ti0.09229196,1188.5
5.625843520637416,6.415018514511295,0.873891809012611,0.0008053658999194,7.787036586255184,83.85804122329621,0.5704782652839524,original,Fe80.33649687C0.04702136Mn0.08233741Si0.08053659Cr5.11232253Ni11.70531773Mo1.84083629V0.01110505Nb0.00608276Co0.00959436Al0.54424725Ti0.22410181,1212.6
5.812120534081214,6.678351220301193,0.9352424658935244,0.00020011380002,7.819040512639318,82.16747369401874,0.5554106705845412,original,Fe80.34570063C1.68095613Mn0.21512236Si0.02001138Cr8.34474649Ni0.00957545Mo3.34190087V1.27072279Nb0.00605344Co4.70267488Al0.06253557,1819.0
5.804903202219509,6.664231706499668,0.9339571117066042,0.0002010574999798,7.8223674786238355,81.95031819069897,0.5553142999124685,original,Fe80.32297237C1.74049778Mn0.23606752Si0.02010575Cr7.79222858Ni0.00960275Mo3.35095837V1.22034902Nb0.47313532Co4.77136461Al0.06271794,1340.1
5.6219792533621975,6.433932832500187,0.8726963429872696,0.0011996066001199,7.771556643124001,85.10562854325458,0.5694569450869458,original,Fe80.27367826Mn0.05118322Si0.11996066Cr5.19829548Ni10.99639428Mo1.72943292V0.01099639Nb0.00604802Co0.00953687Al1.36955092Ti0.23492297,1451.7
5.813215417281321,6.676417719946526,0.9351646976935164,0.0002020137000202,7.8247809860019615,82.66573986793857,0.5554661451645465,original,Fe80.40545953C1.66011272Mn0.23801616Si0.02020137Cr7.82053101Ni0.00969066Mo3.43023291V1.14007741Nb0.00612042Co4.73032119W0.47603232Al0.06320429,1688.1
5.624326105800001,6.416608356066374,0.8734622795,0.0008036058,7.786089095555705,84.100025769478,0.570177962684,original,Fe80.46052607C0.04697695Mn0.07186474Si0.08036058Cr4.95756782Ni11.59431183Mo1.83909774V0.01109456Nb0.00607702Co0.0095753Al0.71065135Ti0.21189604,1254.0
5.4892350405,6.23716723799477,0.8234150100999998,0.0004007175,7.84700799492193,80.86732677009998,0.5762127513920001,original,Fe80.54320898C0.04676702Mn1.7587599Si0.04007175Cr0.01079239Ni17.3877399Mo0.01169176V0.01099225Nb0.00605573Co0.00954327Al0.10392672Ti0.07045033,1136.9
5.801166041900002,6.6313739596902,0.9313366281000002,0.0002090075,7.850482950620782,83.071010156284,0.5553321269820001,original,Fe80.6029017C1.76006336Mn0.18100652Si0.02090075Cr8.02028873Ni0.00999036Mo0.15300551V1.24004464Nb0.00631023Co5.01018037W2.93010548Al0.06520235,1681.2
5.628696670537129,6.413205241752687,0.874437937212556,0.0022106401997789,7.792454690660862,83.66384198640557,0.5697577048090243,original,Fe80.72337749C0.04701362Mn0.05131486Si0.22106402Cr5.01145132Ni11.60336033Mo1.64047508V0.01110322Nb0.00607176Co0.00957277Al0.43912717Ti0.23606837,1167.2
5.805569525919443,6.674377078252865,0.9314622271068538,0.0002000562999799,7.839639445430174,81.86564638456143,0.5537134112136287,original,Fe80.82272735C2.01056537Mn0.21406019Si0.02000563Cr7.70216585Ni0.00955269Mo3.2809226V1.12031503Nb0.0060317Co4.75133608Al0.06231752,1736.3
5.491246317349124,6.196914594848757,0.8222573097822258,0.0002010180000201,7.826873648852637,81.35818285768983,0.5726061629932605,original,Fe81.00724205C0.0940084Mn0.01030092Si0.0201018Cr0.01090097Ni15.10135006Mo1.1801055V0.01110099Nb0.00608054Co0.00958086Al0.20901869Ti2.34020921,1723.2
5.811271033999998,6.670092728065269,0.9341945142,0.0001999538,7.833420022515493,81.990772575328,0.554309596628,original,Fe81.08125401C1.81957931Mn0.22494799Si0.01999538Cr7.54825484Ni0.00956779Mo3.36922104V1.18972494Nb0.0060486Co4.66892055Al0.06248555,1688.1
5.652390079165242,6.45679163241746,0.8820429802882045,0.00220089220022,7.776892582800753,85.11257840512128,0.5670361024477037,original,Fe81.23293183C0.09343788Mn0.071529Si0.22008922Cr5.07205621Ni9.75395425Mo1.81073407V0.01100446Nb0.00604245Co0.00952386Al1.46059212Ti0.25810464,1420.0
5.817236863181725,6.677400180948313,0.934378994193438,0.00020000400002,7.836996376705147,82.34085164763408,0.5543195799674319,original,Fe81.3016179C1.87003721Mn0.14300285Si0.0200004Cr8.0001592Ni0.00957019Mo3.37006706V0.61701228Nb0.00604012Co4.60009154Al0.06240124,1805.2
5.663327067866331,6.453830194293364,0.8856750265885671,0.0019995203001999,7.781633638169757,84.54857758998484,0.5672955457857293,original,Fe81.38047682C0.09367753Mn0.0716828Si0.19995203Cr5.21874802Ni9.76765674Mo1.8795491V0.01099736Nb0.00604855Co0.00953771Al1.07974097Ti0.28193236,1304.3
5.807547430219244,6.656351764787569,0.933361606106664,0.0002010433999798,7.83393950846138,82.12881922622512,0.5549731542075028,original,Fe81.4175862C1.69036512Mn0.23605099Si0.02010434Cr7.10153393Ni0.00960207Mo3.38073024V0.95120546Nb0.2490538Co4.88105431Al0.06271355,1653.6
5.499482461650051,6.1905280521706345,0.8245715523175428,0.00019999539998,7.828650586406142,81.0973351235423,0.5719751663448025,original,Fe81.59811508C0.09369784Mn0.01019976Si0.01999954Cr0.01079975Ni14.69966044Mo0.82098104V0.01099975Nb0.00605986Co0.00954978Al0.24999423Ti2.46994294,1792.2
5.823181419782317,6.675702325883762,0.9346519694934652,0.00020008340002,7.840177869274791,82.66043170105006,0.5548418045394841,original,Fe81.83410027C1.78074204Mn0.19408087Si0.02000834Cr7.99333082Ni0.00958399Mo3.37140486V0.0662276Nb0.00605252Co4.66194263Al0.06252605,1564.0
5.912851327508713,6.673487036413091,0.9660231439033976,0.0049264991995073,7.758958191353928,82.02587368830845,0.5607468273089252,original,Fe81.84184319C0.50663998Mn0.68551287Si0.49264992Cr12.69098179Ni2.24840229Mo1.0192757V0.35874508N0.07904383Nb0.00595577Co0.00939333Al0.06155626,1021.0
5.819085013681908,6.657436978052073,0.937260913793726,0.0002010515000201,7.828898958634634,82.27988316277398,0.5553309108485333,original,Fe81.92100455C1.5003847Mn0.23606053Si0.02010515Cr7.16183629Ni0.00960246Mo3.38086685V1.0202616Nb0.00606155Co4.68120026Al0.06261605,1681.2
5.683461660968346,6.442808906105961,0.8927417613892742,0.001610638800161,7.792352827239757,83.65938271549396,0.567468871139747,original,Fe82.23261345C0.04701865Mn0.06162444Si0.16106388Cr5.1220314Ni9.71385251Mo1.84073003V0.0111044Nb0.00607241Co0.0095738Al0.5232075Ti0.27110752,1172.0
5.8146298377,6.646316328544245,0.935187288,0.0001979993999999,7.840054861349479,81.48052772875401,0.554164653907,original,Fe82.29976133C1.7599949Mn0.18299947Si0.01979994Cr7.78997741Ni0.00948997Mo2.18999365V1.04999696Nb0.00599998Co4.62998657Al0.06199982,1722.5
5.698926284099999,6.446191440134229,0.8988033820999997,0.0010100151999999,7.794944664783501,83.13838485864599,0.5683118256569999,original,Fe82.30123452Mn0.06180093Si0.10100152Cr5.61008415Ni9.8401476Mo1.89002835V0.01110017Nb0.00609009Co0.00961014Al0.06290094Ti0.10600159,1019.0
5.806818737400001,6.631844560981707,0.9348691834,0.000201017,7.846035084821052,81.74779544937401,0.5537668310660001,original,Fe82.50698834C1.74014739Mn0.17501482Si0.0201017Cr5.6504786Ni0.00963082Mo3.44029139V1.16009826Nb0.55404693Co4.68039643Al0.06280532,1860.3
5.950442013799999,6.686891576201604,0.9797866915,0.0001990582,7.839536115614228,81.129958982484,0.549291435863,original,Fe85.82508667C1.91055846Mn0.19405672Si0.01990582Cr7.53220166Ni0.00954279Mo3.41099703V1.01029531Nb0.00603176Co0.01900556Al0.06231822,1812.1
5.628017670600001,6.378625750189896,0.8711329995000001,0.0001980769,7.912287550924836,80.84979402903002,0.5605069166589999,original,Fe86.03338095C1.25048519Mn0.27410635Si0.01980769Cr0.4391704Ni7.86305086Mo0.28411023V0.07652969Nb0.00600233Co3.69143228Al0.06192403,1139.7
